Product_id,Selling_Price
SCHE4YSTDVPVZVXW,3302.5645
ACCEGCATKHNRXUHW,1974.86
NKCE6GJ5XVJDXNNZ,11647.514
NKCEB8BK3ZXDHDHM,9517.936
TOPEFDXSAHRNPF94,5699.527
ACCE558KZHEPZYMG,9581.52
ACCEAZCVAMFHDPY7,5091.76
NKCDYNY37JPBGBVM,2604.151
NKCEY8KWY33FCUYD,7693.8145
RNGE4YPTQYRECV9J,4646.6973
NKCE88AHBHJZREXH,3906.1475
CLTEJ5ZZGBP4JGGE,8061.3154
WATE3NWH5FZWAMDA,8253.902
CAGE53FSFZVFPFHQ,1764.9889
PCSEAKVBFFPGCHNZ,3755.2751
WATDFFH3KJYBTYGG,7528.094
NKCDWHFQSCHHYZMP,2677.5603
RNGEB2PG3Q5RKDW6,3413.7502
NKCE5UY9HHPZGGUZ,4469.6333
KTAEHETW3ZCMFMJR,4132.345
BRAEBBYRVF9MHJHU,7946.459
NKCEAX7HAQ2RJA3Q,10122.299
CRTECN2RQZWBSP9W,5118.8545
WATDEWZ9UHSEHGZG,9407.509
PTPEYW8HNV6G9YYR,2914.9956
ACCEAMGZRRYVAHDC,4716.213
SRTEHHXG8MUXTGPA,5955.197
SKIE4S4NN4MHYM3Z,4809.8867
HMBE7G34YHWPWKYN,7168.7607
LLIEGTMFJBD7ZZZM,13618.706
ACCEJGH6JVTM4CBH,3724.9429
ACCDQDYBXJ9HZF37,9920.504
RNGE88FRGZCXNKUG,1277.7156
NKCE7M3QNNPZDXHQ,10284.961
VLBEGFFDP9H6WG2T,3544.729
TOPEAFG4YEQSH5TT,2441.983
WATEYAP3K2QQQWDH,5215.718
PCSEBDFUFJWGARNX,10741.145
SWTEGXQFZY95SKG7,4865.4985
BRAEGJFXSM9ZQ6SK,7309.3457
CAGE6FYKP34GA4GF,7738.3833
HMBEJCMH78VJF3M8,4341.103
HIFEB7J3GSTVN5XJ,10801.711
PBXE6ZHNGZREWWHR,4593.667
PCSEAKVBNXFGZBKB,6845.0034
BRAEBBMQQNZ9RZWR,5813.9883
ACCEGKFCXHZZH44S,3539.1924
SHODXQRRGKZ74U9M,4305.635
DREE2Y6DVEKVVQQS,4593.764
PBXE8ZHHG5Y525BT,6832.725
CTTEH9FXZHGFKUA3,8016.807
ACCDXFZXGQTBTM6N,3675.914
NKCE9PFF3TT4KSQJ,7744.032
BRAE6NZAZK77HXZK,877.98755
NKCE4TV42BHDP63U,3452.7407
AIREDGGD9RJPZGYW,5649.117
PCSEDAPMHR2HNHWP,8273.543
PACE95FMAFXHZB5C,4434.331
WATDG4KP445AV5XC,13931.467
ACCE9EYRRNZYZUBG,961.48395
ACCE8XZMAHNC8JVS,2617.265
SHOED5DCSTQKZCGF,3589.386
NKCE64Z4NGBHNAY7,3582.81
PBXE8WQTZ5GA2YYQ,857.6796
MUGEGZUMGYAPVSZH,4516.4805
PBXE4RB3Y3GXWPFV,2145.6338
PCSE2ZFDJJGFNHC7,3074.8132
CRTECN2QT5HKHZ8F,4818.2246
MUGEACY8Q7ZYSTN8,1440.7207
ACCEGG9VGRMQGHRD,7253.9395
PCSE76X48PVSDDVK,1097.4886
PBXE6677X2D6UFZZ,5910.043
WCKEGGGD2TXHHTJC,249.06514
NKCE7MMGF4PPGNA6,2936.6707
CRTECN2QYTPHK5YQ,4983.741
OIDEJFCWMMR6JQBE,5780.077
WATE5HFY4MJX6CHD,5035.8926
DREE4FC4TAR8M5GN,5405.678
HACEGPF9DZVUZBFY,8412.089
PBXE4Q7YF5KUYJYW,11755.736
SHIED9YEH65NSA8N,10810.7295
WATDHMQJ68MVBRFV,13493.677
HMBEGWTFEV4TF2RH,3337.6687
SHIE2FH7YTVDHFGT,3011.7993
CRTECN2QYRY2KWZF,4249.817
TSHEDJXPN4HNT2UP,6150.976
SHOECZH5WGBZHZES,2732.5222
NKCEDCT9MSAYG6H5,5256.034
SOCEGGVYBTZPKXVP,4659.3755
PBXECARAQBCDSAZW,3328.256
CAGDU85YDHP9ZJH7,2336.222
TCVEHSMFEGNCAGYN,5036.5513
RNGEDAPFZ2GKRUER,3841.5408
CAGDY9Q7HSNDHGFC,3339.7156
NKCECKHYZVHBQU9F,2102.959
NKCDQSVCRH8W73GF,6634.4326
WATD9H76RKGUUZHY,13932.082
NKCE5HYVDQVATMKF,2015.3932
RNGE9GWMKVHGEYZG,4222.813
SHOEAGUMMWFABHUT,3128.2659
SWDEGZMPYQGNEBHG,4929.9893
TOPEFDXSHZPHCUAU,9214.905
CAGDU85Y85GDJGUD,1070.0001
CAGE4BQXK3FSTRRS,3307.3474
CAGDZVGTV3SMMMBY,5161.139
BEOEGXRVQPCKJHYC,3450.64
NKCE9YFBBYBM88DR,3196.0728
DREECZGZVWGQM23M,3944.6472
PBXECYF3YHWYG4UN,166.70184
WATEBG8FGBPUPKCV,5175.26
SHIEEJG9RRDUH9XG,3281.4316
CRTECN2QXAPEWXSF,2674.3389
BRAEE6YMSYPNCUX3,1525.128
WATE9MVXJXHZHEJU,3383.1846
RNGDREYRQQGZAPQM,5588.9595
CTPEGGFSNDQFAAVE,3436.637
NKCEF2RFAPHSHZZZ,4027.0657
TOPDYAZZG5NU7ZBZ,7107.375
PBXE7QPWMSS5XGPZ,774.4552
PCSECV3FHFAQ9T36,12074.049
CRNEJB4NBT9BTM84,5299.169
TSHEHU5RFJCTJKBV,6948.1787
DREECZJC3XBKGDZT,5625.75
SUDEGGATGYXA9YBC,12209.899
BRAE8WYHTVZMFFHS,6074.2334
SFFEGZBXTYFSYJQA,4266.4214
ACCEABVYXNHCT8UE,5367.42
BWLE6SJE9PXGV6DD,4626.4863
NKCDYQ3RHYREHHYV,3839.9783
NKCECDCRWDMZEH2Z,2956.6484
SRTEH2F6HUZMQ6SJ,7159.9624
BRAE6KWFGZFXKPPB,3271.0996
HACEJQY5FQRZZUGM,8439.119
CAGEYUXVF2FNARKD,3221.3367
NKCE7M3QTHTCGVVF,4120.3237
TOPE8PBFNH9YNHFK,5146.709
BRAEDQFRZS9QFYTQ,1609.9751
HMBEJCMMQR2JHFVP,2088.0566
ACCDRFVG52PHVRSK,7468.9385
NKCE7MBR4QRBASDQ,3308.0396
NKCDWBPZNZU5K2QZ,3447.2078
BRAE8HMQATXFHFGZ,3513.1575
MUGEAGGKEGCPWWPN,3381.0383
BKPEGXYWWJPETZZA,5200.828
SGLEGBV6ZNUJNJS9,6061.657
CAGEYUXVAKNKDUUV,6488.1133
NKCEDH9ANZGDAUWG,3020.0398
NKCE5EHJHS38BUWB,3508.949
PBXE9YWGRFUQXHQH,12728.037
SHIE3QDHP5RDGMZY,2723.4038
RNGE9HDVMPVBYPGJ,3383.353
SCHE4YSTCUUSJWCK,2087.738
SNDEGGTV9XERMGHH,7227.102
PBXE92XFUMB7QWY6,8416.081
CRTECN2QYK2R2PUS,4121.6226
TOPEEEPVYHHF9HGW,3432.5715
MUGE8F5RDEYMH4YH,3917.8044
NKCE52CSJ2GUY64G,1485.174
SHOE2K68QHZ3DWZF,3927.4885
DREE9YJHZZHWHAU7,4050.1545
NKCEACYSHS4MGKGY,12823.789
CAGECT64KH6CZVMR,13833.938
WATD9H76RG5FQT5Y,15902.228
NKCE5UY97ACC9QAZ,1241.396
LJGEG6UPBW8GKPRD,4368.281
PBXEBFGFRM5797BZ,4606.5566
RNGEAY8GRWYMYSAK,5033.5522
SHOEF9G8WTWGAAFB,3433.2283
PBXE5ZJZSAC73ZED,8562.957
NKCEYYX9HJWJXAA8,3493.671
CAGDTFSHTF6TRBFZ,4483.1177
PBXE6E6YDZDNVKQH,1165.5667
TROEGNQDQNGN99PJ,4364.1006
CRTECN2QXC68CTUM,6422.15
CRTECN2QZNXTGGXG,5240.965
VANE4VND2XHZRCNT,4675.5703
NKCE8SESMHF2VSRM,3714.0618
SHOEBYY4ZDWGQGEW,7730.776
NKCEB7935AJSADGR,3901.0845
SHIEBAXYS3FUTX8Z,6432.0654
NKCE2YCPKAPWDH8C,2868.0818
FABE92NVHZHSFHGT,3364.8225
SHIE93YGTRAV6XTW,5745.427
CSOEGTPR39XZHZJY,5006.3545
WATE5HFYHPFHRCHY,5122.899
BRAEBHCHY6VVRNRQ,1755.9718
NKCE5QPMUZRQFDAZ,1899.8982
NKCE9ABEE5HDWZSM,5830.4883
SHOEJCZ28JFRY9RR,5976.6216
PSLEAVTQQXEXZYYZ,4831.6704
SHOE66V8UMNGZKYM,1126.6292
SHIE5HBGWKWJWFRA,3779.914
TOPE4HXDZHPR9K2C,1750.6462
BRAEBCTWGWYRWXHC,5268.8853
TOPE6ZCJBVZY3HBH,4918.859
CRNEG7BKMFFYHQ8Z,4887.075
SHOE7DJBEPYGQPHF,3863.9763
ACCEHY86UG6B63AZ,4769.9746
BLBEJR23J2CTPFAU,6252.5312
ACCEEV5V5VD5DR9C,3289.5166
UMBEJZFHE285UEV2,6096.8574
SHOEBN3FFYG75P3D,3115.1438
NKCEFGFURYNWH2DR,3965.3118
ETHEJG7NW4M4AFCZ,6865.1816
SWSE9UH4KXCHZHRJ,3497.0017
CRTECN2QZ7XUGBR6,4130.1455
BRAEDNX2NHZX5PKN,9711.045
BRAE73KFJGNSP2NP,1865.2262
MAHEDFPZVKF79JVQ,3981.3147
NKCECRQY6MGHBPQ3,8803.352
CRTECN2QYYWUXHRP,3113.505
CPCEKY4TKBYFE7PH,5695.653
TOPEA8HNSZB8VGUR,2460.7969
TOPECJZ4ZDXQZB4A,5323.6245
SHIE92XGJHG4HH5E,6204.1943
CRTECN2QVSZXUG7X,5013.249
BRAEBBYRUSRHZD34,7431.339
IFPEE76BG92E5SVS,5709.6367
CAGEBZ7UGCZZHVTE,1025.5747
CAGE3GFTPMNXPZAG,3461.4219
SWTEDX3KRCTNHUGY,5802.9067
BBAEFKXVXVM8SYZW,7176.5186
PENEGZ6RHFWHX7JX,1632.7048
ETHEGFZFQT7ZCH3U,3007.1982
TOPEE2FFAXQGSUZH,5408.3613
CRTECN2QWAGCHYGC,3859.1895
SNDEJGWQSWNHXXA3,12199.862
BHGEGTAVKNNCPUGG,12914.874
BBAEGNUNHHZEYSPD,1661.1084
NKCEANMPZYMHYEA3,2100.072
RNGE88Q9FH632SHU,5953.825
SNDE7PY9TG8P7YYR,830.65857
SNDEHZQ7YZAHAZYP,4751.6655
CRTECN2RDAKXQHYH,3542.999
SNDEAVZ4MSGYFBUD,7631.06
RTRDWBPC23ZAYMSE,10339.739
PCSDYQEW5ZMFBVFQ,11141.423
DREECZJBH8KGCZHT,8404.001
CAGED654SQMMADH7,2077.8394
MFLEYGFH8PFBVRDG,5122.267
SHIEBWNUURZ8BWDZ,4187.6147
BRAECTFYXKNAVFAN,5993.698
BRAECBVGHCB2FN49,4846.022
SHOEHX7CGSEMUENU,2576.149
CRTEB774NHSDW3DV,2406.0234
VLBEGZ7SZFZBUGBZ,6057.7803
BRAEGJFXGYFPGHYG,4839.4224
ACCEGKG4S4B7QGGT,1938.2887
BBAECKHYXGE3VJXB,1685.6566
BBAEDVYSEN75YZZ7,6639.9453
RTRDYZCGGJFBU6XM,3312.7898
CAGEBTJBB5X8GCF8,4020.1
HLUEJQ3UVGNXSPZG,7831.4062
NKCE8RB5WSWKJPFR,3469.5535
BRAEDFYYKNGBGPF3,6695.7173
SHIE2CAJP6XBWPU2,3904.6228
SHOE2GUJW6XNFG3W,1970.8091
TWCEJFXHGDSG5XZV,6667.658
NKCE9Z2JYUYZ2JZ3,10424.038
WATE54YZWYXR6Z7J,13951.155
SWTEEYFFFRWGKZR5,5702.7173
NKCE6NHRGQJHWFDK,5113.6987
NKCEYM3B6ZP3YSQQ,3669.4634
PAEE8AHWJWMDAXZU,7716.9307
RTRDZK8XCUEKZDFZ,2268.155
TOPEHZMHJHEMRDHY,2971.4185
NKCE9AZMPE3PJPEW,1588.9369
BRAEAR7WUYD3CZAT,2548.2278
BRAEG7AYZAQBS3EH,6158.353
BRAEDQEEYYH4WRQK,4531.006
BRAE4F8NCQJFTGEZ,5792.501
MUGEACY87HUCUYCD,3700.0212
BOTEDSEN9ZSFUUAQ,3931.7185
WATE3GEYE8JQT7WM,5870.9204
TOPEB96CYHMPMDKH,2610.5388
NKCE5QGT7GFDSUZK,1941.8293
VESEGZRVWZEYTVMG,6945.39
SCHE4YSTHJSYEJHJ,2960.809
KLSEGT5ZUGR9FQXE,6291.344
NKCE79CGHYMSS7GH,3338.1592
JEAE8CZGJ8PGGHRQ,3133.9692
SHOEC8QGWFF2VXAN,3012.955
SHIE6G75RNDQSGUQ,2024.1389
SHODZ5YHTEHZTR3V,4138.579
ACCEKFVVZJMTYWPK,3717.4692
DRPEHGFFGQTXK3E3,2922.4539
CRGE4XJBHZGHJYGU,6925.6294
NKCE9Q93F3HJYGZT,429.0774
SNDEGJFV5J8CTGJV,8345.557
SUDEHYGUMT6UGYAR,3481.8628
RNGE7M92HQECSUYG,6689.7476
TOPE7ZHYDE2MKNHF,4151.7676
NKCEBHGBEABMWDKA,5281.4937
PACE7ZNHBP4FASAQ,2682.775
NKCE7A3XXTTBHHC6,3932.3508
WCKE2TFYTHBHTP5B,5180.7954
BRAEDTPDZSCRZCYG,5646.0034
SHOEBKEYSKS87GKG,3395.6567
CAGDUGFYGG2KWWK7,10374.534
SHODZDAE6FKCC8AH,2884.8857
SGLEGBV5STVHGKTD,5753.5107
RTREBVK9HX8XJH2T,17.060652
PCSEAKVBGC7CJQZT,10280.919
MATEB88T7MVJGSG5,5641.736
WATDJYPXKHPPNGQK,7489.051
BRAE8QNFFGWGG5MY,1952.8599
NKCDWBPZZSYWKHE9,2007.6167
USGEJPQHT8YPZ7D8,3153.9397
NKCEFKBYHXQ8VVF8,1744.5453
SHOE4JCEZDRSHC4S,3206.6833
ACCE9E2RT56M3GSU,4548.8643
CRTECN2QXQGJ7JZD,3669.7856
TOPEBS26V3JRYSF3,3419.369
NKCECZNMRRVZ9YWF,238.3069
CAGE75QCGVXYV78T,2932.6316
WATDG9F74GYWEH4U,7759.483
BRAE3WVQPYSZ54FF,6739.985
SWSEBHCP9JC4GQKT,4567.8066
MUGEBJ7XAFVH25VD,2280.0989
LJGEATZRDCFAJGYZ,5821.493
BRAEBXRB8GFZ6HM6,4491.8057
RNGEDAPFZWSSMHYW,6111.52
DREEHFABXP5AUZA8,5274.4307
RTRDFFYGJ4GNRSHQ,9745.944
CBREFYM9TSSUHJSQ,2860.9373
PBXE6EF4PSJX9WXH,3808.4648
CRTEHSS9UZJZYMZD,905.2705
DRPEHYHG9YYHD2HH,4563.773
CAGE9AGR4VWWTDY4,7628.4067
AVCEJCJQWBYMNPGU,2110.0586
BRAE7T3WADAJU4ZS,2018.381
TPYEGGUFSKXJFYY5,6956.5913
SUDEHYGU4GE9UCXJ,5855.4644
FABEB2TXH4MGQC2H,5000.8916
NKCE9G2BZAGKXPGY,4535.16
TOPE8H5DJWGAY2CD,9596.495
BBAEGGF3HF3ZPBVG,1700.5946
ACCEC87TREZYJJPE,6491.412
DRPEHYHMEZHDYRK5,3941.19
NKCE5VAAPVP5DGMZ,2583.467
NKCEBZN92EJ7PDFH,3317.6758
ACCDXFPYT58AGGAF,7115.64
MUGEGZUHX744RFEN,5738.871
RNGE8Z3KSHGCMSCP,3055.267
SHIEYZ3F3QWMYNEC,3275.778
SHOEJCZ2JNGJSPEJ,8109.658
CRTEB774RSGGQZ9U,3464.5771
BRAE8AJZW5QBNWAZ,2275.9495
CRTECN2QZ8CWZEFZ,5379.573
SHIE9FMZAH4U4H6Z,1371.2518
CAGE68FFYRMDRF3X,9015.002
NKCE3GNVPGUYY8AZ,3320.4805
PCSE4ZQ8TRUZDMEU,1275.6722
PACEC89YGNYZCMC4,886.9599
NKCE9YX24KHRDNHG,3073.1467
FABE88MGUBPCQWR8,2424.7527
ACCEH74HAGTY6W8P,4108.8647
NKCECGVARVRMARSS,6437.835
CRTECN2QZXFVEPGG,4118.9316
NKCEC8AZQUFGUXGH,2161.1719
SHOED6C5ZGCBKTP2,2677.507
RTRD7HN3BBE7G9YT,3530.0056
ACCEA8JPDNTF7NZN,8740.602
NKCEBHGBAFBCXXYC,1096.3713
PCSEC86VGEWVKHWZ,13815.81
SHOE3URGYEVZ55GD,3003.3354
NKCE9PFFQHU7GTU7,9547.324
CRTECN2RCH9CG4SA,5881.819
TSHEHU5RWUGEAJFE,5529.2896
PBXE92G5YEA7JAHZ,5102.815
ACCE8XUCYRB9ATHZ,4286.021
CRTECN2QWEDYMDNQ,990.4545
PTPEYCF7GZU2T54E,2270.0188
SHOEC9FZ3BAF7ASF,4153.515
CAGE7DSFQGVEGHC8,6274.3965
SHODUMFYWTPDYNX6,5145.2915
ACCE6P3BBZD72UJ6,4335.476
NKCEFG3CHGEHMRTD,3096.512
RNGEDAKBYYVCFWZP,7600.452
TROEGZ65YHBQKG9T,5815.519
BRAEDSKCXVNYXGA6,7908.7847
NKCE9ZVGMHZVTF2D,4623.081
WATDUKHHH4SQXDAK,5255.644
CAGE745BJ67RZCRR,2419.9265
PCSEAKVBNSFWGBGE,6724.8813
TSHEHV9TPRUBUENE,4486.191
SHOEY8RMVZV3UY3A,3903.4749
TOPEGWUTW6GWYSBE,2188.4849
ACCDQDYBYVQZNHCH,8742.515
MUGEBFGF6MDQGHBG,4084.9382
CAGE6HHHUHFQSAPW,2001.5686
RNGE7GVYAP66GRDD,4144.4385
PBXE5SUCYEBBSFXJ,10354.743
BRAEBBMQZBZHCFAJ,4466.8013
BRAEAC839PBQV9KF,1267.4316
BRAEAW9HT2EUZD3X,2221.258
SHIE2QTSMSXF9QAH,3794.5728
RTRD6FYYWFHEYJYE,5240.092
CAGEFPY9ZSFFNVAW,9872.782
ACCEGKTSGJEEVTZ4,4541.6143
AIREDJCGZN2HKZHJ,3218.853
BRAEA5MZ8VZHNGGH,7650.152
CRTECN2QX53WHTKZ,2894.3237
JWSEBCY4HDWGJZBT,5417.0894
BRAEB2ZTVYY3UKWA,1781.7129
WATDZMBRPYAYTP4G,7210.8037
TOPE7WAUFEYYDXKG,10342.912
TSHE4DTF53HPYMU4,4143.8027
BLAEE3YXZGWWT8UD,6396.3115
RNGE7M925YCWZZRR,6791.278
BKPEGXWHXG4GZWET,1205.0719
RTRE8GJUFNETVUMZ,5233.121
SWTECXPHFVTHWJF7,11004.663
SHIECKYBNNY2BNZD,4296.4526
WATE7GP3JZMFEGZG,10865.265
CAGE68FFHZRTSZS5,4225.631
ACCEGYP2TMX2NUPH,5826.194
NKCE9YFBBNJ82UVB,4150.064
HMBDRUCNJSJQRRGC,6902.5225
CAGE3GFTQ3UHZ4TC,3725.2124
NKCDTAXF2EYZ7MP8,2998.91
LJGEYSUNTPQZG4ZG,996.88434
TOPEGF4KEGGVMSXX,5177.04
TSHECQKNFFER2ERM,3809.6104
PBXE9YWGTS7NGYKT,2086.0388
WATDZ5HGXEYDHBWD,12679.395
PRCDVFAFM2FPJBMZ,1676.4384
PTPE2F33QGYXMHGW,3986.6208
KRTEJCZ4M7FD3NJS,2634.8237
NKCEAPCYFBP4UJ3V,3071.6528
CAGEBTJBRFGAUQQB,5126.822
MUGEAGGKZFYBUMP9,2603.0771
ACCEAZCVGGGWZGKU,4262.522
CRTECN2QVV7UJQNH,4956.927
NKCDXEGWS7VWXSEJ,2886.7627
NKCDY44FMPNQHFFN,6584.3394
NKCE8JXS2AAKUGGD,3740.8884
RNGE88FRWWZECGGM,7035.4844
BRAE7GU9K3E2PWGC,136.41898
VASEHU9W3N9RDPGZ,7598.6567
PCSEC86VSX45XVZS,12762.664
NKCE49ATF8BFHDVP,7357.438
KTAEHETVCXXZRXGK,10768.986
KTAEHE9HAED4VUQB,5651.6167
PACE472CMNPGQY2W,2726.6929
NKCEAPCYFTHYVARD,2924.5286
SHODPH4GZWVXE5RB,4953.9917
BRAEB3KBY393GUHA,10207.111
BRAEB2S8RZZRXMT3,2356.0344
PCSEAH5WWRYGEVGZ,7846.168
NKCEAVZ3C9CRDB6Z,264.44473
RTRDZTF9URF2UFPF,9341.536
CAGE6HYJDNZJVADS,4697.9897
SWSEBHCPZGHMBKJY,3740.941
ACCDQGVSDZ92ZWGW,2944.3525
NKCE4CSZUZWHUTFS,286.02942
ACCEGKFHRFGN6XZB,4203.465
BRAECGQ4GW73HJFV,895.23193
CRTECN2QXZ9ETCGB,3629.4724
MUGE6A5HZUJ924WH,2437.6506
BRAEE6YMK83RB9MZ,3814.9836
TMLED6G5MJQGNZHS,4679.774
NKCEFGFUZURHNH6R,2954.8474
NKCE7ZPRQX9SBZXN,2333.649
VANE3KUFUXF2CVHU,5269.1665
NKCED6EYN4ZPK9AA,8200.565
RNGEDF5HDGKZGA3T,6725.5537
ACCEAZCVVFPBJAGB,6583.747
PBXEDCSE8CHTATYY,4580.631
TOPEFYB6HRPPCD8R,6970.1143
RTRDTSBQW94HJ8VT,842.1133
NKCEYGTGJ65HSJ9Y,2273.958
NKCEFFFPGEJSTBJP,1524.3026
NKCDYASFYGXZESTM,3362.6917
NKCE6SR4H3EHXWNA,3788.5186
AUDCY8T7KPEG3ZZF,6045.008
NKCDWBPZCHZEYT7S,3523.6401
NKCDYARBFFBQYKFH,3806.1858
TOPEBZYTWUYMJXSG,5088.5933
DRPEG3ZH7GJFFZDM,6550.8706
SNDE6KNAQN3GFRQG,7529.117
WFCEHYZMGJQWVVZU,5642.495
ACCEGZ6BRBTGQWZY,3993.2466
CRTECN2QXH4N9WZS,2695.8198
PTPDZYCEDURXTYRF,2085.915
ARPEEMC95HMYAJNH,5374.8013
SFFEGKYYDWTZTEQC,4272.8247
PCSEC86VCFQYV6QG,6384.3506
BCHEHYMBZQ8ABUUY,1781.4802
RNGE87FCQJ9GRKWZ,4989.2407
NKCE5ZHWX6Z8PBFH,2104.6985
BRFEJYHNGYSX9T9D,3316.4548
TOPE7ZHYQFFHPCBX,4789.1045
CAGED6YFBH8NZQM8,2285.9531
STREDF58JH3GQZF9,2684.001
BRAEA5MZDQKHUQCT,3413.3018
MUGEBFGF6ZUHKH4C,891.7781
CRTECYY4GFDJFKBD,4881.4897
WATDZRZGZAM7HDGV,7052.334
CRTEHSSCVTZ3DB72,2877.5105
NKCDXZGUZKNYVXG9,11630.925
TOPEBN6MZNGGZEMY,10913.932
MUGEACY8VQRMM4FX,2469.9233
NKCE5UY9HQTQ8TBG,7537.625
SCHE4ZYTVE8DY5PP,3363.7542
RNGE9GWPJH9MMNWX,5900.044
CAGE8FG3CYVFG2GM,2613.1272
SHIEHXZMQPC4GT6F,3845.522
ACBEHDU9Z9DGZP9Z,5335.32
BRAE6KWFPZWJ2FHH,1898.3436
TSHE8CAWEGE3CUPM,3516.7717
SHIE9J6PFGP9DZAH,4082.1128
CAGEYFZWNCKDDXXQ,6557.2554
JCKEEABZDWF9VU7N,7101.7266
SOPEJ7SCRS3SKFGP,3851.069
WATE9MVXHMTCFZSP,2023.9027
CRTECN2QXMXFUYRD,1411.6165
RNGE96Y49HCWGUGH,4526.096
BRAE9RDQYNWZBYJF,2051.3657
RTRECFHX3TDFD9SP,8202.724
BRAE59YTMB36ZVFG,8167.4746
ACCEGZ6B9MYUTYST,6288.109
SHIEF8DUHZJP8MVC,3845.2727
LJGEG52SCZ5WZBKZ,4384.049
SHTECN9HDECRYPF8,6835.8545
CSKEH3JPF4EJVBSF,6884.641
BRAEBBYRYT9WDJRQ,1040.401
SFFEGGJYFJWAV4HV,3582.272
CBKEHGUY3GEHDSFY,5516.9795
NKCE73V3DADAVHDU,3937.204
TOPEGF6QDCGCHHXY,4386.5166
RNGE3YSWFWYYHNCA,5811.586
NKCE8HSQJQBPRSGY,6320.1406
CAGDU9C3QVCBMQKQ,3464.1987
BRAEDQDFMNC6MQZW,6049.1514
SHOECB92BGNGSZGZ,2745.417
DREEAVBXKQUUVJUT,4715.8916
WCKE2TFYZGPGDGGV,4327.097
CAGE9AGRUGPHV5FM,6881.23
BRAEBB6TT8GKVG8A,2130.6404
CRTECN2QUCSMF4SX,3005.7366
BCHEHYUKDZZPZBH2,2112.4302
BRAE8JUHJB794RZY,7457.856
BRAE4DJMZCWYGDJU,5113.9434
GLSEJGVBRQMYV7NE,6943.9453
NKCE9Q93HRESPRBU,5795.332
NKCECATQF8ZXGXJS,1702.8439
ETHEJG7NHGRFGHHK,10996.94
NKCEASCZBAEB2Y63,2564.2014
ACCDSY8ERUYRYSUA,5057.145
BRAEDH76V3J4FBWQ,6420.82
HACEGPF9FJFJQU2R,2800.2705
ACCEGBTPV5PPBHVD,5575.2036
PCSEAH5WCDGS8YCZ,2750.062
RTRDRUZCPNJ3MTAT,1648.825
PBXE68H4WBX5AFCH,3212.4824
RNGEHFDYHVSR3SMH,2958.0903
DREEDR97ZHGNPWFR,5337.0503
NKCE9ZGXGSETFAZU,2792.1787
SWDEGU4MDSDGGJHN,1280.9908
PCSE3X2TJCZGDYYZ,16585.834
MUGEACY86QBJGTZA,4252.094
CRTECN2QXC7HYKPG,8684.751
NKCDTAXFXWPKGZAN,1210.8301
USGE9ZHVSVH9FVHP,1211.2197
TROEHQYAHGHUEXXZ,6027.008
NKCED8SK6UNMAZST,6763.68
TUNE8XCD5NGNPDYJ,6648.3003
KRTE7X8NADSVDEET,7495.8623
FABE789N7XA5E9GY,3649.4946
IRNEGYYU2ZVJQQ5T,4678.5747
ACCEH5Z2YUKYQBFP,4499.3394
FABEADKAG5XYGZHK,2917.9917
BRAEDSGAUHAZHBY5,6136.4595
CSKEH3JPCEGTMZFP,3561.503
SUDEGVG6YTPMYPU4,2013.5731
NKCE48ZU6EAYFSCM,2233.5967
SNDEDFE6QPNQRAXF,9405.197
SFFEGP24CR5VDNZC,7131.156
TOPEGGE5GRFUTGGB,8868.127
EMLEGMZRZGDARGR8,4034.7578
CRTECN2QVPG3DY7K,2890.5688
MUGE8VY8HZAM3ZRK,815.0145
SNDEGAJFFK2KKKRF,4317.9375
BRAEDASWQDSYNUV3,7478.951
PCSDY5AHM2SEJM4K,5781.01
NKCECG6ZNH9NXFFH,4063.1372
WATECE855W5YFE3H,3168.1082
SHODWMHHCXTD47NQ,5368.705
CRTECN2QYCZPHYHH,2896.2446
GOGEHZ5P6TWYBFXB,2592.4604
TCVEHSMY2TNTCKNC,7741.5557
SFFEH2FGABYNF47W,5334.878
MUGEAGGKZFD7ME7F,1834.7278
TOPE7QTUGVGEFKH6,3681.7166
TSHE4S26ZSFE9JTB,3318.5488
MUGEGZUJBNU4Y2CH,2954.356
WATDUNJ7PGYUWDGQ,8402.267
NKCEAJKYW5CDKBEV,9421.401
PACDZUDMCHKDHGXA,3235.3982
BRAE8TFHGXKFFMAQ,1639.1628
NKCE87C3JAXKXZRJ,2863.0898
NKCECQYZ24MSM3ZZ,3681.69
SNDECZJR6APCXEZ4,11309.42
TOPED9T3FXS8CP8M,5369.7144
ECIEF7MGVGZAZMGG,4690.2363
SHIE7DFNYZC6YWTT,2355.5925
SUDEJFBRVYEUZUDH,3184.1245
MNKEYGQMJHGZ4ZRX,1780.9163
BRAE8MVUMSMBMNJS,3392.234
NKCEBBYSAJKEEQ8K,2948.8948
SNDE9WZJJ8YXWU5Q,8717.677
CRTECN2QSXEHJHR5,4022.4048
BRAE9TBZWWACJHJ8,2912.3037
SHIE9FMP3RBSYMEV,6623.7144
DREE4DF4DQYMGDJV,5233.456
NKCECZKQGZXVZ2RY,10275.923
DRPEHYHKYSXETBBJ,3879.5444
LJGE9UG8WCYXPCHA,4588.243
GLSEHFUGQRHPBV8D,2597.3997
TOPE954FERN5VZYH,4771.5386
TOPE7JZU5WZZVYDT,8384.682
JWSECGFU8YKHTSMU,3527.872
RTREF3PRF3M9FMEF,3610.974
PTPEAT32HSGZFHVY,3342.9673
TSHEHU5RQSZZHSKF,6071.2563
NKCE2RPCN6RCTGDG,6141.2617
ACCE45UGGC7GVAVG,6459.4272
WATEBFPXFYMWJGJZ,8682.877
DRPEFZDBMRGECGZG,5395.9487
TOPE2HZRFKVVTCKU,4301.0654
CRTECN2QYKFNFXCZ,2141.6494
PCSEC86VEVSKD5ZY,1805.9863
SGLE8YSWHJAGP3WJ,9431.456
RNGE88Q9HE9RQYEM,9197.396
CRTEA7HAFUMPQNHJ,4727.072
TUNEB42QBZHYP57B,12678.111
MTYEGUA2VUJ9UDGX,10710.33
PAEE8NDKHJ7ERAPT,6785.177
SCFEHDJKTM826ZRA,4471.565
RTRDFFYGKJAXPUUG,2337.129
BRAEDQDFGYCZUFEJ,1563.2871
WATDK2G2WM5XHF9S,6594.6113
BRAE3P8YWVZGNYZH,5315.9976
BRAEBKJSNVGDG4DP,2834.8901
MUGE7DUFGUZDQMTQ,2073.8604
BRAE7Y46JXZJHN47,7043.0015
CRTECN2QVB7UDF2P,2670.9082
CAGE76FNT9D99PZK,2879.7024
MUGEAGGKHFAM4YZG,2066.3152
DREECRS4EHXNA9UH,4056.0754
NKCDU4RZC2AFABJV,3157.476
SNDECYHFHV7XHZNN,8091.1885
DRPEHYHGSSEPB6HW,4943.419
MUGEGZUHVZ4Y85DV,3788.8662
BRAEBBMQYHRSZ5JC,2545.4133
NKCEAPCXCP8GZG5Y,2490.2612
RNGDWKZN9DSHFHYY,3446.4604
PACEB7GGJXVVDZFZ,1950.1735
BRAEDQDFSDVTSSWK,2341.464
NKCDWBPZAJH88YAZ,3326.4683
NKCEB774SNZGVYW3,2598.6257
RNGE88FRA9DMA4UZ,4022.613
BDSEJJ6USEQZS3QA,1399.9934
MUGE9HRRKMGKHMRT,1046.2981
NKCEAX7HH7BFTFHF,3558.6953
NKCDUYA5PQWDKMBZ,2544.0137
WATEFWP4V5ZEHZZY,3415.3433
BRAE8QNFXPTNHXKB,6952.0034
NKCDWBPZGZJNYCCS,3675.8147
BRAEDZ7TZNFQTXZA,2043.2599
CSPEGNS9GZVAGRY7,4865.13
NKCE6XU6DA4HYYGN,3690.443
CRTECN2QYMHJKQ3G,1074.2485
LJGEATZSESZPRQX3,3439.5999
CAGEBTGHSVHHWPG6,7998.55
SOCEJZT8FMXJ8VHZ,5065.064
FLUEGKG2K93HY9TC,3976.4194
SUDEHYGVDNRHYPTW,5628.1406
NKCECZKQCFGWJ36A,2424.0415
TOPEHZNQGZJYYJHE,2920.1462
NKCECGVBWQWGZUVG,1641.4847
BRAEDUXKVAPEV9G6,7257.577
RTRDYYTZSUUNFFUT,1010.0688
BRAE3WVQZZUJA4JW,5337.618
PELEGHQP8GMXYF6V,3354.7722
NKCE9YFCEG5FXMAH,3756.8467
TOPDZGV8GUEXZNUT,5163.381
WATDZ5HGRGZG4AFT,9353.947
MUGEACY8DDWFGRUA,2203.4636
RTRE7FT9VKRGNTRR,8426.929
RNGE7M9279JQH6M2,6642.9443
RNGE86J7VJNYBSHZ,3506.2317
TOPEHZSMJYWRYH8F,2568.9692
BLAEE3YX3WETHSZD,6161.285
ACCEAZCVEKWMNSEY,1508.0475
SHIEB7A6NCNJNZJD,4008.8574
WATE2FAHHP3FEYG6,9350.188
TOPE9PSGHRKUCXKM,6008.073
MUGEAGGKKDAXEA36,3663.312
TOPDX9TF4PYJMX7B,3184.4321
SHIE9J6PVG9ZE9M5,3876.4263
TOPDZFGCFH8AMJ4B,4798.154
RNGEA9ZXDDFHAVMZ,2406.6545
PLLEHQV78ZFHTE7X,2925.633
BRAEDTGQMXYVF7NB,5574.6216
CRTECN2QVSZP8JDW,815.4484
KRTE5PEEG7YAGENZ,11495.73
NKCECGVBKYNJGZZQ,4176.923
RNGEDAK2KK6VXQQ5,7317.8867
RTREF3PGZGTGBHT7,6141.6577
MUGEYYXFNGQ6A3FP,3864.481
SLOEBHYNHETSRBXN,5961.4326
ARPEGDHSXZJSHGSN,3441.9055
NKCECPHGBUZPN2KU,5950.623
VSBEGBH9QBHT2MQF,5501.073
BRAEB2ZTXQQTYTEP,2218.3643
PANEENEMG9NPM2QQ,3870.4387
SNDEHZQ7MMN272VX,3921.9102
NKCED2ZGYAP3UKJY,6118.269
PCSEC86VKYNCPSDK,1856.7051
PBXEBYHYS3UXVBE5,4601.432
NKCE8ZJ2PXWJQZZX,3011.96
AIREGHYGSZKZYZBB,4205.368
HMBEE965MNXMUSFY,6684.94
HAREGG26JVZYCC8B,1942.3962
JEAE2KFRBNFZFWE6,3208.7524
DIAEJUCFFWRXYACA,5651.2544
PCSE76X4U7MFDPUZ,10820.997
MUGEGZUHAVWFHSER,5019.854
TCVEHSMFHCPGH9QJ,3688.9563
NKCEFNPJ5M9JZJR7,2286.1094
PTGEGUP5KM48MRRW,2970.1638
KRTECAVZHVTGR2YV,6811.117
JWSE9KZTWGWKVYYH,6572.889
PCSE95HXQE744G8Z,5456.982
DREEGZ4CUZH5CATV,4497.581
BRAEDQF7KGNJ2EEW,8847.987
PTPE4P39G9SVGHRZ,2449.4883
NKCE4PZ6HYWFZUAN,850.2364
SNDEDFYPJFHXG98W,2893.751
TSHEHU5RWCQXRWF9,4886.946
CRTECN2QYVBX5Y4W,1124.8104
NKCE8HVPEPWAU2HF,2895.258
PTGEGUZVM4X9XZWG,9959.369
BRAEDH76Q44DNY23,8442.349
INKEF7WMPUEH9G4V,3759.2158
CRTECN2QS5JJAFVP,5357.819
SHOE2FQCE3QFC8ZM,3772.2446
TOPEEEPV4GFFSHJG,6130.9575
PACE43HF8JWNA2GY,3410.8853
PBXEAHTCHTG62WSA,3225.3948
PADEHZFJGQNSEVKC,4094.388
BRAEDQFRZAAEWCDT,2896.705
BRAEDSKCJJUEVC6B,1687.8103
WATE8PBFZKV5BYDZ,11968.477
SNDEHYMXZTFRYZQV,6416.326
NKCDXYFHPJ4UNFPU,3864.9329
RTRECTV9PSVC8Z9Y,8118.6724
BRAEDXPFA43N8HW9,7182.0596
PCSE4C9YYYYXGNFH,8192.509
MUGEACY82SGHCHYY,5065.087
CAGE7UCEDBWHWF48,3184.2542
ACCEDTNRADHZ35UD,4999.168
SHOECKEYFVTA6E8S,6462.9927
CRTECN2QTK6FRYHR,3069.0337
NKCE7MMG7YSJCBZG,1858.0505
PTPEDDXTMZKMNXHX,4359.9937
ANKEGPVMFV9BJBJM,6097.588
BRAE8WPSGGK9DQHX,4055.965
KHREH26Z6GEDTYYH,5813.9478
NKCE9YX4TREBP4UZ,350.77203
SHIEHYHMWMYPDFSU,4367.268
BRAE7KQVYF75XZRE,5293.7227
TSHEHU5RHTSZSCAY,6375.261
PAEE8EZHZFKKYMVK,6257.0684
NKCE7PZPCSNSCHWT,3996.2273
CAGEBFPEVT4JFGPC,3378.358
NKCEBBYSAMV3GRMV,3058.2224
PAEEAMGFHMZW72XN,5950.985
DRPEHYHNCZXNYFZH,4733.3994
NKCEFAG9U4ZHRHKU,3759.2913
BRAE5F3KGW3JVKJH,1726.9246
JWSEBUKYNF45Q8DG,4713.012
BBAEGJFRDFNK9FCH,6199.5938
SHIEBY82HGZCTH5D,3743.8406
JUMEHUFGYXJYP29C,9526.099
MUGEAGGKY7DVDTYA,3819.2524
SHOEBGHJZB2UKFC4,4010.7664
CRTECN2QYUDAZJ8T,2619.707
WATDEWZ9UMDYPWYC,2156.9067
TROEGZ8QS74W4XR8,10477.208
BRAEGJFX4ZCMZHH6,5191.9683
NKCECJPCUYJZZQTR,847.3622
BLAEE6KTUAEBTDKS,9428.52
MUGEACY8TXGZFHKY,740.2843
BRAE8EHTNDJHDDAD,1783.0626
NKCEBFWTTMZH9MAR,5311.4194
FSEEHXHFG6KCYVVU,6846.318
WATE3YHHFFCUGZFB,4244.967
BRAEAM6PF9YRAWWQ,7293.4785
DTHEHTAZPGKDZXWH,4222.2334
BRAE7V2UXPZMDHQ7,7155.0474
CNBEJ9EDXWN8HQUU,4629.9575
TOPECYENWHHDGFCH,3761.0579
BOLEHUEBRTVCGWMK,3787.3567
TOPE8H5DGZH8GTDC,7838.61
PAEE8G6NHEZMBWGH,7946.932
LJGEG57E8US6WQWE,3112.4724
NKCEAVVRVBGADAHE,8649.85
SHIEFZ2GJGAHATFG,2314.5188
NKCDZJB8WUWBH49M,3587.7778
HAREG4928QYXAP3E,7512.2266
PBXEBQGM4J4AWAWF,5570.571
JGTECTXNVGH5GYM5,5086.0273
SHIECPXYNJ8UHGFN,7076.179
NKCDWBPZ42YGY39Q,1153.7535
WATD9H76N5WQYVGJ,9162.894
ACCEBWRHKPQCGJNF,4708.3545
NKCEB2S9MFVUCSQU,2301.9211
CRTECN2QVHHZ5THC,3580.528
NKCDUEHCBEY7YZV8,1748.6924
SHOED5DCYU8HWRDH,3031.546
ACCDQDYBKTC6G9GH,8746.037
WATECVGYJXPGREKD,2563.1904
NKCE7TZG9AG6F3YB,4168.424
PBXED6C4RKBW8SRE,1252.2399
CRTECN2QXHMJ87BG,2453.9958
SNDEGFJHB7XH9YPW,2876.087
NKCEAVZ3ECSBFANG,4198.6475
BRAEB9ZNSUGGSFQV,4688.953
WATE9CFHPAEU3G4B,5281.1855
NKCDYQ3RWGURBTAV,1071.4014
BRAECRHEHYDVDRTG,2289.6143
NKCED8HZ3VQRHGGF,1635.5792
BKPEGUJHQSJUZBVF,1707.4736
BRAECHF3WZHZBQX2,2277.2388
BRAECQGS8RZDBQXM,1905.1813
BRAEDNX2TYZYQQZ2,3742.8704
NKCEDAN8ZMVMTDMB,5362.0137
TUNEBE8ADAYHZ4PG,8373.901
BRAEDN37XKYGFKGR,8127.5186
CRTECN2QYUBADBHF,3709.2537
SGLEGBV6USTHRNDH,4022.0967
NKCEAPCWZTGKKMGW,3290.7046
NKCDSRPAFNQEXDZG,2467.6343
ACCEGNVADAYPFTER,4018.1736
SHOECP78YDYPYPSE,3568.407
NKCECKHZPB2JMPGF,11472.034
CAGE79CEHJZX52XS,3390.72
SHOEH4FSHEDEMVTM,3444.1733
NKCE5UY9JMZP9NGF,6493.709
RNGEDAKAZXTGZNAM,5942.9966
BRAE5PKZBZGYZEMH,7900.379
WATD9H76GH2CHZ48,7954.614
ELWEG4DCHBUNHUAD,5879.0703
BRAEBBMQJ9ARUWCH,1661.5433
MUGEACY8FADKRHPW,1801.0062
SHIE53GCQDQEK7SF,6182.619
TKPEG2Z2CWU9AHXG,1471.9406
TOPEGGA6H622PCDF,2102.0125
RNGEFP2XDHURBWYP,1094.819
WATE5HFYAAFVDZMJ,8388.184
HLUEJQ3TART8YBKJ,10221.341
BDDEH93ZEEZY7CHM,3877.6965
SHOECXPMAQXZ3QPH,3901.9053
BRAE8X2ZZMYUZGGU,1623.8254
CRTECN2RCWZTMS2F,2586.7554
PHFEGJGHPSYKMHES,2062.4233
NKCEDHHPRYYZURBG,7234.3706
DSEEHETVWRX9FZDT,2801.8557
TOPE7H6NJKNYWBGN,2785.185
BRAEAM5DR9NS5XPE,4244.191
BBOEGP4HM4C5WXVC,1391.2885
TOPE7ZHZJY9AJM7H,6194.304
BRFEHWGA3B6YEWNG,2331.0442
MUGEAGGKRHSXEGCV,3585.371
NKCE6TNZZKEGKPGA,4054.1194
ACCEGH6RPWY9DHAB,6099.887
SHIEBJH8XQ2TEASA,1919.5527
GLSEHFJZGQDR9Y6Q,5870.2925
ACCDQDYBDNZRPMSW,6822.882
CRTECN2QVH5KUGW4,3955.7139
CRTEB774JMYWBRMV,4226.276
BRAEAW9HUAWTZGSH,3516.096
BRAEGJFXJGTRFEYE,1187.3899
SHIECRX5GAVFAKJ7,2785.834
PCSEC86VU9PMZYMP,8373.169
WATE8C5ZUTSGNEMF,3158.618
NKCE2W3WYQZ7TCRA,816.9031
BRAE7DRSNFESBUYT,5702.4805
PBXEBSMZKB3GTTS8,8032.1416
CAGE9ABAYFMUUH45,57.657993
DREE8MF7NWZUYSBV,9245.898
BRAE3WVQHJWKQZHZ,1994.2361
SHTEB5MNYHJJQGBJ,3882.8262
PAEE7A8QGN6WSYAG,12526.13
MUGEACY8QAHZFFXV,2095.2688
AVCEJCHZ2GVMBVP2,3142.6833
CAGEBTGG3AZRBFHE,2893.8782
TSHEGGCKYG5GGGMU,3260.215
MUGEAGGKKZBHTBHW,3052.266
PBXE7NYSPF4FKVY6,3302.0742
ARPEEMCAMGADRCGQ,4288.3457
ACCEF3Z2XMEEJVWE,7523.3545
SHOEFMRZZAXFQW4F,5745.0024
TWTEHH2B5EZ4PK6U,5235.834
WATDXFGTMYAAZYW8,3239.6155
SHIE9J6PPZ44RZDK,4622.7646
NKCED6EXHFFHUFEW,12966.247
PBXE78PHEKYZRPSC,9990.644
CAYEJFYZ6B73NUMH,438.2085
BRAE8RSAHXUVA9FQ,1631.2804
NKCE9W4ZNQGHCENM,1046.6606
SHTEDWHGGHUZZTMZ,1201.0322
NKCE7ZPRDS6PZTAA,2197.5981
SWTEDVZZ92PX48ZY,4705.009
PCSEC86VZVTTBKJE,8095.9375
TKPDS6ZEWH4KF3SJ,7394.0376
NKCE2B57DXAZBYER,2427.5103
MUGE6A5HP6TG9YCQ,2076.1904
BRAEB2S8SVFDT9HA,3371.847
FABE88MH9NNKPM4H,3567.8318
WBTDMEZTUWBPD5DM,4348.067
VANE8KP4GWZPNKQZ,6013.0386
PCSE9R7E3AFG7F9H,7147.5166
ACCE8XZMBCKRGRVS,1581.0804
BAAEGHPNYQ5JMZNZ,7371.762
NKCEASCZT3V6YGJV,2811.633
TOPEYJZ7PUP4YRP3,2871.391
PCSE4VAVUPCMZZ7A,4290.572
BRAE5F3KHHPXDMUR,2830.9473
CRTEJU6FJTEHSVTR,5174.8447
PTPDVPFYEKTVFEZ8,2877.973
JEAEHYZRRZDZZNWT,5678.455
JWSDYFUFNYBSDY6B,4088.5598
CCVEFX3XNKFEF843,7361.536
PACE66XREPHDU3NH,4410.675
SUDEGGB3E5K4UNYW,2099.6382
NKCEB3ZCW2HXUSFX,1667.5339
PCSEBFEH9XA3B2DF,3155.879
BRAEBCY3JXSJFNZH,2314.8374
CLTEHE9GGXJKCWCV,4945.5654
CAGE5QJG2PSHZA28,455.43723
BRAEFR6JZXBQ9NJK,8223.518
BRAEBCY3V4ZR8UUU,6467.7563
DREE3KKW8HYZJHZY,3752.7913
FABE92NVVHWSKHAX,4527.2573
CBKEJ3AZYYJTEHK6,5308.792
SHIEA6YUZCDGZUCG,3818.6648
SHIE9J6PYBXBYHRZ,2172.8018
FABEADKA9VBM9DTM,4542.6997
BRAEB2S8TG98KYGJ,9932.101
CRTECN2QX4FC2UAC,2682.853
NKCEAQPGSPXZDCSA,5648.5483
NKCE5TFVHZDZTAYH,3244.864
BRAECCDUHY5DYWFW,2673.3674
NKCEFFFP9THXHT7P,1964.7612
DREEAVB2QKSZN4HH,3951.3718
SNDEGSZD4WHWUEPU,6917.6377
NKCEA5FHH53NDT9H,4292.4463
NKCDU4RZYTKBTQPC,2972.5857
MUGEBFGFT2CSSGVM,1388.0945
PCSE2ZFDQHP9ENMD,8133.633
SHOE3TZMQHKWG7TT,5016.5723
SOCEGHFY7ZZ9G48G,3885.8552
SHOEJUQGNBAHYR3E,6500.423
PCSDY5AFFHEADFCS,7774.0386
BRAEGJFXJR4GPU2C,3478.69
NKCE5UZHWVVB7FCU,3440.1191
BRAEBBYRHPZNNP6Z,6281.825
PCSE98DZU6XXGY3C,6646.6367
NKCE4PZ6UJQG9QQE,1487.1057
PASEA46QFBTUGATC,2078.1729
CRTECN2QZAQWXEKU,3441.9812
CRTECN2QUHEXQ5BG,4911.233
CAGE9ENYESDHRAZG,5037.4062
SLIEHUFGN6EAJZZV,5444.651
BRAE7KQVPZXEUTHY,8458.746
BRAE9RDPFQQHHNNE,7916.795
SHIE853ADDAHYSFQ,9546.665
PCSE9HAGHNGNRHZD,13381.452
WATE7VE24DXUPMAG,8883.866
PBXE4WZJC3ZN8NFC,10616.335
CAGE6GQCC6YG7FTD,7116.314
PCSE6SJGNDGTHPGR,3621.8335
TSHEGCZTUAZAYE7G,3147.8113
PCSE9YCZXDYVMBYZ,4052.0657
DREEDR97RXXXSZXX,2386.6956
BRAE8UZGGRVBCEHM,8495.435
PBXE5YG7JZP48WAF,6418.7695
TOPE4NB7QJFGX4PV,5875.96
NKCE6SR49QBZZHMP,10787.029
ACCE8XZMFNFCDPXE,6792.1094
NKCE45SJXTBHBFPX,5137.6484
CRTECN2QVVZWDMVZ,2654.0754
MUGECEVFM93JBPEW,3686.5132
PCSECV3F9MXQZH3V,23.653673
NKCE2RPCH7YGSPX9,5865.8716
SHOECVMMYCMGFZZP,3148.6018
SHTEDFFJMHZWSYT2,4441.91
NKCEAZ6FBHSGCGAN,4224.4976
NKCEGZZGGGDCERGH,7357.6973
NKCDU4RZZAMFHSQY,3857.0952
CAGED6YFXAHXJSDH,7138.2627
WCTEHU6FYRC6WWCG,4070.4736
WATDZ5HGFJCH2FGY,8070.9204
IDMEHY86YP4NFZUG,3291.2424
NKCEFERXYKGHFACG,4802.7163
PBXEDDEFFMKZM3HG,863.70306
VLBEJKMQ9QZS8ZXH,850.7754
DREEG9JRZUZM5CBH,5565.109
NKCE6GJ5JHFKSM6T,5683.899
SHOEG5XHVBSU5BRW,4623.001
BOTEEWFAGTNGUQ5A,4719.9683
ACCEGUY9XYXUMRDA,6766.6084
CRTECN2QUBFBECYZ,7287.6304
CRTECN2QSWDGMGZZ,4075.6025
SHOECSWQCEZRR82X,1092.2598
WATDZ5HGGUGHEZMH,7657.2275
NKCED8EGPHGKRPBH,6136.4185
CWDEGNNW8YCD2VHQ,5322.6685
PBXE89GKDPBANA86,3472.1057
ACCEA7PVQP8H27UH,1353.4194
JCKEEB5YX5Q8HYBM,2438.054
CAGE8PKGVCNS7JCH,5855.384
NDNEBA9VUFJGTDEE,569.9647
BLUEJQRHM9VA48GF,6068.3164
PCSE6SJGCFMBG5PU,7022.7837
SHOEJP2GGGP2GGPB,3801.9763
CAGE8TQ8A7TPFYZN,2012.4026
TSHECHFVV3F5FHK2,3288.6194
TOPE3NVYHZNAEPHA,3547.2617
BDGEGEGCZ5ZDXBX9,11250.125
PCSE3YFFCYQVRNYX,5985.054
CRTECN2QW9H2NWF2,3085.4336
TOPE7ZHY4ZX6VHYU,4454.904
NKCE9GY4ZH4Q4K69,71.11555
KLSEGTBP3VQPZTHF,3440.8523
BRAEGGFEQRWYDHHK,4401.7803
PACECF9NDZG39YPR,4958.397
SNDEGZ8XGC4BWUZF,5915.449
CRTECN2QZVM6SHSJ,2909.514
SFFEGJZHZPYSE7YD,3965.6135
NKCE9YFBJMTVANBC,4363.163
BRAE9WYJXR43VESQ,1839.864
FABE7D5ZSVVRPG75,3594.4783
ETHEGNMSZPZDZC6T,2748.7983
CRTECN2QWRACCVZW,4425.2407
CRTECN2QT6ZMHHHH,2909.3203
PBXE8W55A32CHXZD,1540.1895
SUDEGGAVHGYEQJAH,2864.666
NKCEAZ6FXQFHJH2Z,533.7732
NKCDYFHQAKQ62MHT,2874.2544
PTPE7H5JD4MH5T4D,4006.157
SHIEBQ8W6KQHQG6J,6162.3755
TKSEEB9MNUGDS9DZ,3761.1204
BRAEDAGATZZKMRNY,2284.1267
CPIEJCN3ASM9ZRXE,4017.2937
RTRDQGV3ZTKAZTPD,4133.67
ARPEG54NHHJDT9FZ,4866.8066
ACCEBUEKVFFUX2DE,8510.23
TSHEGYDYGFHGSHGY,6010.3516
VLBEGZ7SBMDMYTXZ,6255.177
TOPE8ZAF4NMCGHR3,2993.097
BRAEDQEDVYJV64GV,8168.9224
CRTECN2QSXKNSX8Z,3008.8794
BRAE3Y4ZP6GF4JKT,4514.3887
SHOEJWNPWBWCE7HQ,1803.9872
SUDEGVG6PJKDGW2Z,3590.063
WATEBS5YABDG6ART,5199.498
JEAEGE8QCDDXCXFG,4806.34
JEAEGFMHRSUHCHDY,12365.141
SHOEC8QGTYTSYHRC,5723.099
NKCECZJQS73UZGX3,3003.6619
CAGE8X8X5QEP5BWM,5044.1685
SHIECHC2G6B7JPTP,1158.311
PTPEATF8HNUX8SGY,4288.7256
NKCE8BG8ZXHRZN9G,7923.3613
BRAEBG4ZBVZDWG8M,1573.0466
SNDECV6YCADQHMUQ,6834.7256
NKCEB98TYYUZE7BQ,5139.517
TKPEJNSQMHREJYRD,5201.2993
NKCDUYA5RGAGR4PY,3815.811
CRTECN2QSQX5H4GM,4333.504
CRTECN2QVNAWZZHZ,3820.3125
NKCE6SR4YVMYZMGY,10406.841
PBXEAJVRV5HNMDTR,109.726906
SFFEGF6KZ9PPM4SN,4621.7725
RNGDY8PZCQHBYA8U,6919.499
PCSEAH5W7RFFGKFN,4669.097
RTRECZANMW6UAQ5A,3623.0022
PCSE9R3UWEMF57RQ,9211.686
SUDEGGB4EZEJ7ZPV,4872.648
BRAEBBMQZJWQQFEE,3353.0986
CRNEJB4NE9FYSGBR,2970.6558
NKCDR6BHVPTCG7HA,10310.934
PTPE4JYTBXSZSZPF,3394.923
ACCEGGAF75RZUBTU,12879.277
NSTEG358AT2YQVV2,4583.248
ACCEGKXQ9ZFSWKMU,3491.329
SHOEBG6ZUGTSDGBU,5051.9
FABE92NVJWFVRWTZ,3735.8975
ACCE8XZMEQ5C2MU7,5308.0737
SHIE2XDXPYYGJJZN,1870.1667
BRAE3RFCGHJGVJ9Y,9404.203
NKCEA5FH9ZB34DEE,6099.202
BRAECFAQXWGHUZDQ,1853.1378
SNDEBG864TPNPGSE,4740.7734
SHOE3MYBTPZVTGYM,4738.2983
NKCECW7BGWYRZ3BP,4034.3235
ACCEGGAYF5HTP4RG,1169.8502
BRAE8RSAJKCPQ4WP,7451.59
ACCEGXK4RRVYHJZR,1304.05
CRTECN2QWHKJ3PBU,4447.7144
DREECUW7PKBTZPRA,4054.461
PCSE6SJGZWXPQY9G,2600.7263
WATDZ98SPFAQVHWR,8663.692
CRTECN2QZ2HFUHH5,3027.0022
CRTECN2QS7YHAKV2,2220.314
NKCDU4RZNVATGYZZ,1638.1614
TOPE7W4CTFFFDQBH,4140.445
NKCE7MMGDBM6ZYT5,3803.4556
FABE92NUSYEWSG56,2765.419
NKCEFFFPZC5FFNSY,4537.3564
BRAEGGER5HFB7YXT,8176.923
KTAEGFPRCCS46ZMA,3461.2312
SUDEHYGUBYUKVZYJ,5940.2236
SHIEHZRCHVFEEVMR,6173.387
RNGE9HEA2SSEK9ZD,2575.4106
BRAE74BRYKNFVGQE,2222.4602
AVCEFURSJBG924HG,2568.5598
DREECZJEPZNGBSFZ,3919.877
SOCEJPT5QW94BHWE,1573.1581
ECOEFYFCC2BUSBN5,3205.6716
BRAEA7GBQR7ZZN4K,2343.4722
TOPE5N5ACWGNUWBY,9870.21
BRAE8X2ZW4ZPDQ7A,6211.799
PELEJWHBZZHFCF4H,5353.239
PBXE6YVW4CSQGJPS,3189.6091
NKCE5WSJTHTHQFUG,4134.6455
PACE5VYXKSZZ8GKF,3021.2268
PELEGWXGPG8UEXPN,3243.3416
CAGE7CZRJ39MZ33R,3225.8691
CLTEGE4SGRTVHXAW,4423.3633
PCSEAH5WZB8HNWEG,6678.694
MUGECEVFKB5RER6P,3807.403
NKCE3H6BGY7BF6K9,7950.5557
CAGE7CZRW6MNSUH4,4860.0327
RTRDMNVFYZZBXT3G,2885.0352
CAGED2W2SHVURMZH,5938.077
BRAECTFYYHAUWR3A,2275.7634
BRAEAR7WUVRVUAHY,1861.621
GUAEJGQCH9BNFH2J,6783.105
MATE49ATZAJFGTHF,833.6607
NKCE8SESTHKCG7FW,6175.914
PBXE9T4SWW4HSFGJ,505.68814
TSHEHU5RY4T3XXQZ,5569.1675
SHTEE72RZN4TVPUY,5666.4067
NKCE8RB5Q2SERPVK,557.96606
PBXE9YWGTTTX6KVV,3380.077
NKCDWBPZTRZJTVR2,2673.5447
NKCEGHR7YXJD3QVA,1503.6403
SHOE3S9BYE5XWSKS,6254.5073
DRPEHS7GGAEJHWGH,3130.79
TOPE7DNYTYVKXH8X,4652.5664
CRLEJ6B76SJP8ZVG,7199.423
BRAE74BREFRNXRYB,3301.0593
CRTEA7HABNRWRZSV,2654.168
TOPDX9TF8EH63HHG,4032.5955
ACCEJ6TESY6AFW59,4133.309
CRTECN2QZZJVMK8M,4221.2827
WATE3NWHWHGSECNQ,10946.308
MUGEACY8EXQKEZ8J,3771.315
SUDEGGB5XKHZ8YRV,10968.78
CRTECN2QXUGAJF8Y,1140.0084
TOPE6ZCJTWVV9GRK,8711.727
BRAEAHEHDB9H3E65,2016.0103
CRTECN2QVES5SGVH,4124.61
BRAEDSGAZES3SRZ8,4073.9932
TOPE954F2MKDZFTF,1357.154
BRAEE6YMYDZCTFHT,2350.6802
PBXEAJHVVCHEY59Y,2560.5544
CAGE6FYHBF3HYBWE,2623.708
NKCE59YWGAXY6Q4B,2786.3193
BRAECKHYSXQD8ZMC,5493.0083
SNDEHZMFFAHHZSHZ,6218.7617
TOPE9RCYS54YZNFG,4326.0845
NKCEC8AZHBUEHH6Y,3688.9207
NKCDYQ3REN9WJEAF,2562.953
MUGEAGGKXFT23YYH,4039.3298
NKCE8HVPRWTY5JET,2591.8123
PAEE8EZHYZESVZ2H,6022.325
SHIE8G24RUNDF63N,5655.7295
SHIEBCQZHBFMSFMK,3259.6653
TOPEBCJF2D8JB3RG,3777.7854
NKCED2ZG8GMNMMSF,3302.9167
CAGE75DFBFFJZZ2P,3398.3555
KRTECQSZAZSPPJWZ,13420.118
NKCE3Y5PHMWUUWQ3,5111.1606
WATDXFGTREYMG4ZW,2199.6853
GRKEG4UWCS4SNUSG,2486.4006
MUGEACY8MDQCWAGH,2358.7026
WATDZ5HGZZCZXDNC,9607.055
NKCE8E6YYVEUTNGY,2782.2495
JEAEGE8RGRFHFUU7,7337.8906
BRAEE6YMYZ4D5YGS,5718.2373
SNDE7FD6YA84VHSZ,2979.9277
NKCE5HYVQV5ZKAMB,5034.3237
LJGEDTGP6EVWQAJW,4903.291
SWIEHF3H7WG6VGMR,1984.2034
CRTECUWZC4AEEVTQ,3874.646
ACCDXH5HDZZU8QRH,6685.512
NKCE9ABEZFFRGABC,5101.838
NKCEAVVRRGHWXTNF,3731.7312
DREEYGCXYYZHDGDZ,3354.411
NKCE8RB5TUKH4USX,6053.962
NKCE96SXZGNBFP3J,8048.1646
BRAE8QNFWA34HGDX,9758.911
BRAEDTNZZN4ER8JN,2354.9102
BRAEAW9MTDZZZBH9,6009.022
PCSE6X3YSK6U4XMY,6426.4517
SHOEBBWKYRZHMMZN,3374.1606
WATDKB7JHUHHVMU9,209.16013
WATECSYFBDTEVR5V,2890.8499
RNGE96Y2DCHGZ5AH,4523.2085
VANED79Z5THRWD3K,3625.847
CRTECN2QWVBQNTHQ,3577.7188
USGEJPPVGZNYAJE4,8301.005
CRTECN2QY8BEJVAB,3680.75
BRAEDNX2YFFFVD3A,1833.0182
RNGE96Y4USHKXVCY,6069.272
TFHECYGABBG9NRZM,7072.635
WCKE2TFYRJA65QEF,2481.8909
BZREBXM8BFP6HZVP,6388.239
CAGE7DSFVSZDYPFF,1744.4915
SHOEGAJGGTZD6HSY,4928.442
SHOE2FQCR89ZNN8W,8071.1714
TSHEGF9YZUKYJKZG,7466.5156
CRTECN2QYZCRHWD5,2451.567
WCKE2TFYMTCGDBE6,3788.5488
LJGEHYCBH3VEAZYN,8398.245
CAGE76HYPAMJ7WKH,3282.3792
NKCECZJRGGSJS5MP,3074.542
HMBEHBANHWHNQF8B,890.0086
NKCE2V6XHV3DSGPT,758.2317
AIRE9B8EKTNR8J4B,4938.449
CAGEBTJBUKGHGBSJ,5812.338
PCSE7B6U2VYJZWSQ,14479.375
CRTECN2QX3VH7RD5,2107.7454
SHIEGQEQ8X5DPEWU,224.4099
NKCE38HEJPZSGBDZ,2389.662
BRAEDQEETE3Y2CZJ,2093.4062
TSHEJQ22W8XPPGGH,3340.5964
CRTECN2QYTQNTVFH,2573.0024
SHIEGHNCZBRTKZCR,4431.0166
NKCDYQ3R3YGZZYGB,6718.766
SNDEJCWXXFWQRCJU,5598.498
BRAEGG4PJFZEHY5T,1196.2389
NKCE4PZ6YXXW7SPR,3171.1997
BRAEBG4ZXJNSXVNM,1094.4614
ACCDYDY6PBZGPYDT,12825.117
NKCE3JRMBSUGXDK2,7240.461
LJGE9TGNDH2E4VRH,8041.2793
SRTEGWKMWDED9GFW,1736.0258
WATDE9NFPB9TBVSK,5324.3564
SHOEJCZFDNVTB3RF,2752.1396
BRAEGJFXYTH2MG98,4185.171
TWTEHH2BQ29FYNGV,2211.19
SHOEHYA2U4D2FDGE,4835.639
NKCEB774ZFTSYG2V,833.93134
SGLEGBV8VZ4QSREY,7000.431
SHOEHZMMPFYUGBGD,5578.606
RNGEJ39US9ENJXYF,5541.626
MUGEACY8F4ZAFQNJ,1042.981
PBXE6ZHNEGF3VGZW,2669.048
TLPEG6GR9HUYW3ES,4327.0967
NKCECARBX85NCE3P,3408.601
MUGEAGGKNFZUGFN7,4582.9956
PCSE9ZPV7HAPCFZ6,7943.414
TOPE9KJE9PVJJZZC,3847.5798
CAGEBTJB5SZDNYXY,1375.1586
NKCDYARBMAARKGFZ,3817.8079
BRAEBHDVMHWWJ72Z,6712.7485
SUDEGGBFA9UZ87PY,6904.5625
ACCEABW85UJZ7BMZ,8041.211
SHOE2ZNGYDECUGNG,4943.9414
NKCE9Z2J5XF5GDCP,3491.7627
PTPEFS9BTD3YHNHF,4302.321
NKCDWHFQ2ZBKQHGP,2265.6355
MUGEJG6SRGWSSZVS,6452.5957
TOPEYHHWTQ59WEHB,5138.972
PACEC9FJHX2ZJJFM,4012.7815
NKCDU4RZYJ4NC2FS,3795.9397
CAGDU84G2G5AEAE5,10670.734
CRTECN2QU9XUVRDQ,3871.3303
DRPE3N3WWNJHVVNN,2653.648
NKCDW898GSGZQGGY,2605.54
MUGE92Z4ZTV8UZYN,2711.9956
BRAEBCY3TP8GZGQP,4001.2788
NKCE8HBNYGFJDU8Q,6508.9204
CLTEHE9FS4UCYDGH,2361.849
NKCE9PFFZZJ2JUTG,7945.1333
SNDEGJFVJAHQCENF,11365.711
NKCE2NKZGKZ7TVUE,2451.344
SRTEHHD7AE757FTH,3054.8894
RNGEDAKCZAZQTEZZ,2520.5347
RTRDNGVMH2ZJZRMQ,7653.588
SHIE9FMPWV8U4RWX,2197.8367
PCSEAKVBTXB6E4RF,5210.848
SCHE5Z57GMRHGXTD,3360.058
SNDEJPZMCWYT5QRW,6834.5464
DREEGZ5CVEHJPDT9,5625.944
SCHE4YST2DH7X2YC,4139.797
BRAEDTPHBRK7YTYE,1878.9968
LIDE4YMTRHMXGXKZ,3432.867
NKCED2ZGVXQE2UWP,3227.1965
BBAEJA4VWFFEZARG,5929.0347
WATE6S3AHZXW9GPK,9090.156
NKCEF9GTMZD4JZW3,3271.4075
MUGEGZUMNZCKBZYS,2427.7227
KRTEC89NQNYTJC9S,2188.7568
MUGEAGGKWW34AFH6,2566.8977
NKCE7HN9XD8UDKHF,4322.039
CAGE8X8XZCGGXQ7Z,2143.0537
BRAEDSKC33TQAGG2,2746.831
PBXEBYHC4S5BQYDA,1223.0836
WATDYQ938HFU8M8J,6834.691
SHOEFVT6YAKB9XTE,4404.649
BNGEB467JXH6QER6,10894.405
GLSEHFJZ2N9C3WYK,4296.681
CRTECN2R5JRYASA4,4015.8123
NKCE2F5HBUPEAAPZ,914.9318
SHIEAREZZWVXUBQT,5369.488
BRAECKHYJ8HGVGHG,1570.1011
VLBEGZ7SQGDFUXE7,5277.869
ETHEJG2KXFSM6SYG,6903.7803
MUGEAGGKZTMNHZPF,2351.3416
FABEH2JYVTGFEEFT,4021.4294
SNDEA5EG9KPNG38S,3434.46
MTYEGZ5ZCWFARE5X,5155.672
TOPE8XCDBUGUZWSP,2758.427
COAEJFTZEFVYTVBG,5386.7466
NKCE9YCYAJTGZFZZ,3543.997
RTRDMNVF7CQ3HAHU,3262.1785
PTGEGUZNXKZ8P6Z9,4895.926
SHIE55GT4JDKEGZQ,4131.5405
TOPE7H6NK6YHDAP3,5598.4365
TSHDWUPNBPZZHHRD,7287.992
ACCEATGZU9QWN3XR,3040.333
TNREFBYF3NYEWX5R,13435.401
CRTECN2QYNFWAQHM,5847.7617
KTAEJFR22QUF6CCX,8423.219
MUGE9HRR6HVCRPZT,5974.673
BRAEAW9KZHABYUAW,9002.962
CAGE9ABBP3NXYEMZ,13879.627
SHTEJT4DCZAKK3YW,4305.2764
RTRD8FPJEQRZ6BEM,1118.3011
PLWE6S4BKHB5HZD2,5314.132
NKCE6XU6NKSZPBYC,8585.139
TOPE5UZG8YEV39XC,1246.8317
NKCEAPCVHF2FJTCN,3053.546
NKCEASN6V7MJ482Y,2991.8684
SHIE3QDHDTF4BMK4,6441.354
SLTEGE83BPHD2N2R,9533.018
CAGE6FYK6VKUMRTT,4523.402
TOPEGGA4KWAXGTG7,3694.9504
NKCE966EVHN4AM4H,3601.6196
CRTECN2RTNAPQ9UC,2669.531
AVCEJCJSV7YSUEGN,4373.664
SHOEBGDMZFGMWGSD,4013.7585
JCKDXPJGDX8MMGDF,3773.0273
RTRDNHMRFZTR3ZPZ,3837.4292
NKCEFFFPSG28KBZR,5044.1685
BRAE8RSARRKPHWUY,7584.1987
NKCEBFWTZCR2Z9CK,8725.69
SNDEHZKGKGHDFG57,3282.0947
GOGEHYHYGRZFMC9D,1971.6344
SOCEGHM6YYCTBXHS,1785.3059
SNDEGQ7NBVGASKHA,3077.189
MUGEACY8Z6RG3GPV,3101.5518
NKCE38HB3Y5YH3UF,3543.298
MUGEB3GZ5HYHGBQT,2455.933
SHOE6ZQFRGNTW8JX,2894.255
CRTECN2QYZBRHJZF,4036.0183
WATECDDDQ7SFDD6K,4505.1357
BRFEGJANHRABGE2Y,6334.4004
BRAEBBYRYZBKQRKA,9942.119
SHOECUZVNVUQ8CJF,2277.787
CRTECN2QXB8H2ZMM,2357.309
BRAEA5MZF4TEZZPH,4812.1514
NKCDU4RZR83PHQG7,5236.9155
WATDZ5HGJEQGGB6U,5180.2524
CRTECN2QZYZK9WYV,4856.4375
NKCEACWN5GXUC92H,2595.4395
HKHE57EHTMJCH5FT,4175.053
SHIEFFFPRTTYYF3G,6511.736
SCIEFHFUUSZZD24P,5887.405
ACCDXFZXH75VJZE8,11965.867
BRAE6Z79CG9ZH75H,7045.4136
BTCEJQYNBKZNZDKS,7593.796
PBXECDBWKHNKGEGD,2223.0815
NKCE53HJHUTKNGUF,8242.459
CRTECN2QYNCSMYNX,3335.7822
BLAE6DPHFYECGZ68,12189.4
NKCEC9FM6ZZGB5A8,4049.4026
CRTECN2QYAPXYKZM,2689.8452
TMLECXEQZXPGWW7T,9040.706
SHOE8VP932WXGCZV,3257.8828
MUGEGZUH2HDYY4XF,4018.091
BRAEDW63EGE5VDXG,2424.779
MFLDUKGX3Z2J5VH9,4896.3564
MUGE8TQEZKAD9WVN,2643.1536
ACCEAZCVS4YGWUVH,5855.2075
MBPEFHRYGGHJMRYW,5470.6353
TOPEDHEA9YERKGUT,2295.98
BRAEDT7SDETZENWB,6288.071
TROEHYUVAJ6NBBAE,2390.1526
TOPEHZNSWYHQYGUF,3556.319
BRAEDSGAYPJFXJJ5,2371.2366
BRAE8EHTYSUXSHEM,2730.8643
NKCEC8ATTJB3QMGB,9088.172
CAGE7DUYKHBTPZVZ,3955.5833
TOPEBKYKJZCNRNNJ,3523.2263
NKCE77RVJXKGY5HH,2874.4604
CRTECN2QS6YHKQ3G,4074.5933
NKCE9AZM3GVSMZPT,4672.645
DREE9CPNYFZP9HRA,2985.8445
NKCE7Y2Y4BFFU9A4,3667.965
SNDEDG6H5CYWWBBP,10423.534
CRTECN2QZJSZBWGH,4013.7388
PTPE7V9ZRFFHG22K,4205.3994
TSHEJCQ2VWZAKZJ4,2992.5273
BRADM8DWKXXJDEHW,467.62537
CAGE22EFFAPMZEPE,6397.128
RNGE87FCCDJQYSQ9,8588.498
CRTECN2QZZSR4ZVH,4769.9224
SFFEHUAUGA5GBTYZ,6242.3765
TSHE4KACQVSBXCFC,6739.057
NKCE8NHGSHWS56FH,3439.551
ACCEGKFHWYVFNCX5,2042.459
TUNEA8UGGGDERAHT,18792.773
NKCEA5FHAKKSQCK7,2410.1548
ACCDSY8ESXF9AUHY,11888.859
PBXE9YWGDQYKWXRS,9403.533
SHIEHYHHNPVZEXVZ,2449.999
NKCDX3BH8FVUZAYQ,7152.2197
PCSECV3FSKC4P3P8,660.43445
NKCE6UWHJPBKGHZ5,2888.0671
SFFEHVAVYGCD3HSD,6675.529
KRTEJ9GHTVHHGQHM,3088.552
USGEJPQKBNS5KDTE,4337.1426
NKCE5U69CGGXVG4C,4317.4956
LJGEATZSV5VGNDXW,3012.6814
BRAE8JUGGJMMETKY,1190.0664
WATEHYU2ZR3UTGRK,4618.951
SUDEHYGUWDBVFRMH,3401.903
SNDE5E6BCHZCC7JQ,1043.8129
RNGDVJYNGRUMZJFT,3889.7551
BRFECHUFKHVYUREJ,1894.7181
MUGEBFGFEN9A5EGR,3787.9817
SOCEGKQYHGGXAPGD,3284.3477
NKCE9Z2JTCBDBXJV,662.2346
PANEJQ5AMGFJKRAF,9229.98
CRTECN2QUHKRMZSA,3867.4456
TOPECBAAP9HW5VMH,9105.928
BRAE8RSAVVGKRBK9,3120.1099
NKCEAX7H3Y9JBGYZ,180.95459
HRCEHF2C2XQKQZHM,3779.0417
BRAE3TSHZ6VEKQUG,4294.0825
STIEJPM3D8HYQRTN,1132.1714
LBXEHFA5TTMBMFR8,5686.149
SHIEHGXH8GPWGWFE,5916.3184
NKCEAUABWU3Z8HZ6,6308.1406
SNDEGFJ2GD5GWVSH,5276.7744
NKCEDCT9KKXBQTND,301.85638
PLLEHQTXADABGDSZ,5820.3096
SNDE6SCTV6BCGRNV,8614.687
NKCEB7CE7G7JHQPA,3435.9536
PCSE6SJGPYFYGKUQ,7033.755
LCHEGYYBWP4ECBZJ,9678.027
TLPECJY7WKHYDZT5,4687.1523
TOPECJFAHFF9PB94,4042.135
SHTEDCZWARQ2HZXX,4360.1113
SHIE86XAM3TUG7HA,5598.0815
PELEG5D24ZAYAHUJ,4781.6035
WATDYFQ559FZWRSQ,7911.1597
NKCECZPZ8WCCFGRV,1695.4071
CAGE9YTNZV5B3WWZ,1926.4742
NKCEAGXHYGDBWMWZ,3040.1663
CRTEHSS9JCJEZWCA,5691.963
CBKEJ3AZMZGTQ9F5,4346.152
PCSE55G4YBUXMBJK,6689.07
RNGEBKGHZFCSNZWZ,1774.2772
CNDEGVK2ZMCGSCEQ,9135.36
ACBEHDUATE73ZUFF,2476.8481
NKCE5U69RBZRVJCQ,3029.1484
RNGEDAKAZRSRYN2X,6936.1675
PACE5Y8Y44TKZ7RM,3762.1663
MUGEACY8VKKQ6GJ4,2189.506
TOPE6QGAWN9YDQWZ,6414.7163
BRAEBBYRWHYKY7CM,6853.9834
BRAECA2JWQJZFHUU,3058.493
SNDEFGEAF4GRHHX8,2459.3455
WATE9ZYZTKUEFFVG,8212.933
SHIE7QCY6ZQSUF6E,5178.649
WATED9T48YVSTAA5,3013.8413
SHIEB85ZA9EMJ4BZ,6431.8564
SHIEARR3DXE2SXRF,3700.8765
TOPEGHZ6VKKVGYNR,6217.367
WATDXFGTFHHKPBNV,1278.0488
SRTEGWKKZNUYX7HW,8430.995
SCREEMC7DYNN5YHF,4570.7505
WTBEJ9RTQQMB9VYE,3237.1416
NKCEAMDRQZKUXEYW,4882.985
BWLEHTBPHRBSDEYF,9234.498
CAGE5HVNTSEFWCW7,10078.912
SHIE55GT7F6HYXDT,3543.8237
RTRD4D3EGBAYBG2C,3398.9597
SHIE7MGDC6ECGFJ8,3625.297
BRAEB2S8RRCWFJST,5846.7734
SNDEHZPDGAZBWJTM,3590.9104
BRAE7SQFUBCGUCWT,805.9786
DREEGXZ2QN5ZKDGH,5734.441
CRTECN2QUHW9VFFT,2658.479
NKCE8VQHVG89RUY5,5766.6997
BALEGFWE2Z7GTDMS,3421.0378
TKPEJNDEFYSRZSXF,5484.884
SHOEHYEAJCGEP5UQ,2344.5452
LTBEJGVNHVHPUZ9G,9599.478
CAGE4GF7UWGZHN7J,2678.4565
NKCE4TV4VCFGY5UH,3780.1836
TWCEGJZKVYZHNE6Z,3877.5898
BRAEAZEFXHCKE3RG,6848.2964
FABE92NVWSKPDK8W,3704.433
BRAE8UZGKMFVSG2B,6729.052
NKCDZFJMRP2XBBTK,4214.214
RTRDZ5PJTSHHXGME,7126.3423
NKCE7AGZESRQGFHG,2347.22
CAGEBTJBTNGGDZQZ,5052.7515
MUGE6SYU8QAKS7UH,3705.4602
MUGEAGGKYUB8SYA5,4021.5425
WATDJTR979TAXJJZ,14884.461
CRTECYY4ZHUZ6HNT,5016.688
SUDEHYGUXGNXBNZM,6201.0376
CAGE3FX7XZGYHGRJ,3321.4792
NKCDWBPZ9PWWVGN2,2228.8435
NKCDXYFHNXGS6MSE,2790.0679
BRAE3TSHVMCW7NDZ,8154.6514
MUGE6S9YZ25CHZRN,2969.4219
PCSEBDFUMFZZQDJW,12252.738
SGEEG7CR5YSTGTFT,4639.4326
CRTECN2QVKZ4P6VP,3806.6155
BRAEDSGBTTMMSZZM,3098.9414
SHIE6ZSBGF3GZZFF,2344.9456
PTPE62XBPSEHCQCR,8728.47
WATEYUZXN2DHGZ36,8372.96
SHOECK2FYYWUT4KM,5191.17
ACCEDTNRJXYZHZZW,6515.09
NKCE9336FXG94XTG,1894.618
JUMEJCDRCWWKBQSX,10216.862
WATDZ2ZQTPKQZEHG,7626.412
TKPEGRKHT4832GFE,3689.536
RTRDQZMJBWHZCXZT,13217.379
CAGE6HYJGDZQXHQD,10675.735
SHIE8VY9ZYWPUBWV,2537.7148
NKCEABYZYMNATYGH,4953.347
RNGE4Z3DDZ3YAKSG,6168.6313
SHOEFZXRNYJKPPYG,4855.8823
RNGEAHG8GKFRK38B,5133.5376
NKCEA4CAMNKWVXTG,5558.2837
CRTECN2QT4YABNGQ,2972.4941
SNDECYKYTBUYUEPU,8538.555
BBAEGGDCFERYAQHU,3201.8247
PCSEDE6ZNWQCXWDY,8189.1187
SNDEJH4DBHFK4N7B,4632.3037
SHIEAW8RHVJNER3B,3457.4521
SHOE9UDJKNVSDH72,4513.193
NKCECZJQSWTUUGXK,4087.478
BDSEJJCKFGYZR4GS,542.52216
ACCE8XZMKHTPSVFW,6589.128
NKCECCMFZVWGAZXP,3675.7366
BRAEDUXKWHZFVQN7,1817.2561
BRAE8RSADX6YHAQT,6806.7485
CRTECN2QTVAGYNZ6,2148.056
SNDEFKFNCHPREWPN,6090.4526
BRAE3TSHVWYHGGWH,8116.665
BRAE8WYHNGG7ZXPM,2133.117
TOPEHZNSDHHZDB4G,2770.0796
CAGE773YKTNBTMMH,8291.974
BRAE2NF6S8WKV2FE,1311.6584
WATDZ2ZQPXHZYQZJ,5879.018
PCSEE4H5GPSUFGGX,2461.428
CRTECN2QYG6SNGZE,2924.6921
PCSEAH5WAEHFFNDZ,9412.181
TOPEDFTZPFYP7UZU,4464.413
NKCE7VKYZ8PEGCG8,5022.531
BRAEE6YMBUAGK2FH,4720.2627
SHIECKYBQQNHZFZD,2744.8188
PYJEGN9Q9NWSUYGB,8751.343
PBXE5ZJZY2NC256B,2967.0007
PCSEAH5WEFMRTDEX,8938.097
TSHEG57TG27P9EZM,3376.293
BRAEGJFXUHYZPDWZ,8406.566
SKTEC88WSNYJKWY7,2735.118
PTPE6GZRTJJCSURV,2973.9094
PACEARXTEE2R8CNT,2885.7112
LJGEYGHD2YPQHQGZ,4315.6914
SRTEH2FGBDJGX8FW,1437.7563
NKCEGGFGCKCZS72F,6180.4946
NKCE9AZMTYBWTAV3,4402.9263
BRAE5PKZGX8HNT8Z,5872.49
CAGEBTGH3CHD9T4T,4595.3696
HRCEHF2CCUFD778C,5076.3228
DREEGSMKFEHFFYNV,6114.1714
DREEADCWZ6XFZCGJ,3874.0803
PCSEC86WZXZPEEZB,8336.5625
SSSEHFZ34KRWYGSH,2788.4775
CLDE26U5N2TSHREG,5266.9272
CAGDTSJUFVMVP3XG,7095.7324
BRAEBB6TWYYGKYQC,2110.828
PCSE76X4K44HZ5YY,6231.0474
BRAE8TFHXNFSGZHZ,7990.172
SGLEGBV4XF6GBWZS,3008.2231
CAGEBXZ4UGZU65ZV,4108.5425
NKCDX3BHQDPKVJ9A,3304.1904
CRTECN2QUPXANVU9,3076.5127
FFLEGEXHXGFXZAXY,6902.854
NKCE7HN9F746GK2E,14369.316
ACCEAZCVU9RPHNFG,6709.451
KTAEHE9KFWXNYHFD,2980.6704
CRTECN2QY2WRVENS,6497.978
NKCEFP3J2FKVYFRG,594.915
JCKE2HWFZD5HZRE5,6285.9717
BRAE2Z9VJ8B8FAD2,2064.0066
FABE92PZSEPSGZFK,655.28033
WATEYAP3B7Z2BSYV,7439.716
ACCDXFAJ8NGKEQ5A,106.52631
CLDE9Y64GKDGAAUG,1628.4174
NKCDU4RZRKCZWYQH,835.5719
PSIEF4ATFU6QYETN,5392.042
CLTEJ5ZZUZKHHYDK,7491.49
JEAEGBX2FBDMZK2N,2254.9016
CRTECN2QTXCGYGNC,4627.291
ACCE6FZPTNC3UGSG,2725.0261
PCSEE4H5KH5KUBA4,11664.717
CTTEH9FYJFQMB8M9,6146.613
BRAEBXRBXYDKYPKB,3071.8406
WATDQKYFVYKGPAKA,7148.353
CRTECN2QSTZHJTKF,1569.6842
CLTEJ5ZZMTBYXWZQ,6174.998
DREECRS5RGQZTYNE,4480.856
DIAEJ8FGHZ3K86JU,857.6796
WATEHZN5BG4SUKBY,4794.3076
NKCECS3FSXUA56AU,11311.881
SHIEBZ7UE4BXMK98,1643.2695
SMCEJV6XGQDBMGGQ,5925.1533
SHOE39Q6PDKHYY2F,1295.8008
BRAE3TSHYTS4FCU4,8278.667
ACCE7ZK9GP3YCHBP,1682.2251
WATDWGAHG7AHMW6Y,3202.888
SHIEASFWXZ6H28UY,5485.6875
BRAEDSGBPHRAHEMU,7798.8276
BRAE4ZWYGGWFKUM3,3623.1272
BAREGGF8NBTFWU4G,2827.49
PTLEH3D3VTGUCQBK,2564.0698
BALEEZ2A4SWPXJU4,576.56494
CRTECN2QW62MTXAJ,2429.4207
TOPEDTKMHEGYN2GA,2408.4165
WATEHZP5RHMMCBPZ,6150.674
KRTECZHGC97Y3DGK,8037.3794
ACCE6DZCJZ3M2DAT,4463.5576
NKCEBUPHUZM4BRWF,1126.2505
ACCDSY8EYXYYYYVK,11723.692
SHOE4HKYRFPHCJWX,3328.1045
DIAEEUAM8QXHB7BD,3605.7104
PELEGNSQYKKHT2ZH,5572.404
NKCECYNZ8HHZHY3N,4002.76
BKPEGUJHJFYS4FCU,6130.11
CRTECN2R6SGHFHGJ,6050.359
DREECRS4FHNBDJHY,5723.2305
SHIE7BZ9XWCHEYPG,5340.127
PBXED9Q2MZEQWXCP,11003.319
CAGE5RNE4JVBXZBX,61.95134
WATDZDGRQBXTKHPW,5126.822
NKCE3Y5PSKAJSBPY,6783.5454
BRAEE6KRWZZGZKHX,3834.4636
NKCDYQ3RC997MHB9,7356.412
BRAEDXUVZPX2RVVP,2400.4211
NKCE8JMCMGCHCYDG,964.15045
SKTDDA4YREGBZDP3,6594.5825
CAGE9A68NZMEVPPE,10136.964
BRAE6NZAQBHWZNMT,563.14667
BRAEAW9HUCVYHBHE,2812.163
NKCEYM3BHZHMYT7Q,4341.4287
MUGEACY8ZBCGS2ZF,3908.496
PBXECUFGDMEZWMYB,857.6796
ACCDX8ZUEWUKFHHQ,4331.0596
RNGE7GVYZGVHDS2V,10433.95
RNGDTBQUJUCRDTCK,4412.0923
PCSDY5AHHQSXZARH,3360.417
PBXEAZ85KCZED6ST,2917.6243
NKCE8HSQEKWFAUYS,535.9732
SFFEGEZCEJRG9HVF,3999.2979
JEAEGWYDZYDRGXQF,3815.0374
BRAE8TFH9J4PHP2Q,4431.409
BRAEB5BUYYSV9TEQ,1906.9661
AIREBB9APEFZYSFB,7960.592
SUIEHFNUU3BDCGZN,3003.2344
WATE9M3RRRKZK4FD,2366.2505
BRAEGJFXBGRJKXPN,7530.8555
SNDEDF6WMSQJEGFN,7675.3623
TSHEGG9KQHGQEZXS,5426.8545
TIEEHZDEDRUH6NMB,3041.8838
BRAE9C3MZZ7SKKSH,7740.6187
CRTECN2QYAWB9FPE,3553.8958
NKCE8T78YZYEQYDD,3087.5547
RTRD7XKFDBPBR6CV,2896.1875
BBCDPFZM6V585ZZE,985.0235
PCSE5VQ3FBAPKERB,6855.322
BRAEBADVVRBUXZGN,5471.466
NKCECB9KEYRV2SU2,3394.7334
SHIE9GH8DZF3APB9,4974.52
BRAEBXRB322WRYZF,9765.998
RNGEDAKEZXMAXYKB,9065.434
MUGEAGGKDCJHRYBY,998.07324
NLPEJUMTYT8BP983,2273.9768
BRAEARZHZF7HFYM6,2002.0095
ACCE3YFFQY82H72D,7781.8486
NKCE5TFVTYJC6VMW,7142.8706
RNGE96Y3FNJ4TVSA,9539.101
CRTECN2QTGFWHYBY,3517.56
SNDE3SNFMHARS463,3655.1484
PCSEC86VYYXG23ZB,10330.322
TKPEG6PZEBEYFB2M,12342.609
PCSEC86V2P4M3TXC,8641.639
PSRD7NKJGFMGAZQG,5302.7627
SGLEJJA6TVC2KYUH,1488.0693
BRAE8WYHNJ2B2ZEJ,4085.917
PBXE6P4FHJJCQZXZ,5986.611
BRAE3TSHZGWGT6WP,6277.0146
WATEHZP3ZA9YT99G,2919.7961
BRAEE4H4XNG34W5Q,3416.4429
CRTECN2QZSZMM3YJ,1702.3745
ACCDXFPFH66QGGR2,18034.533
TOPE89Q4SYQXFGXF,3441.3164
NKCEBMDCUWFNR7ZC,8460.744
NKCE9AZM5ZMSFXSX,3858.8667
ETHEGYSVEZSH5HUG,4073.0278
CAGEBTJBAQKZUVQD,8587.656
RNGE7M92H9QHRKEX,10023.979
CAGEAFDBEJY56XSE,1138.6592
HKHE5QUYGQAWURCP,4146.2456
PCSE4V8HN6NGMFBH,8853.542
WATE8E8PMU6ZRZGZ,588.51465
SNDE2RXYKZZAMNGT,3430.3323
ACCDXFA6DYGMS3FZ,5750.1006
ACCE6DZCAGSQEW3B,8047.954
BRAEDQEDVTAKHTX7,1501.728
TOPEBYXVCYTBF6MX,6029.2017
PEAEETEJMJZ75EVG,348.21423
CAGEBXX7YEQZQQ2J,5129.487
BRADM8DWS52HEGJV,5950.0024
SFFEGJZQHKNFMPG6,2172.5464
TOPE45NZFFUDHKZR,5546.199
PCSDY5AFQE42NNTK,2398.4136
NKCEANMPRRRUSPZE,2925.7515
SNDEFV8ZSKGTFAAC,4334.271
NKCE88AHMVQHFZHU,3877.7966
CAGE6FYKGSNJWBG8,1397.9999
BRAE9WYKVTCZYNUB,901.7796
CAGE7CZR6ZD9RT3K,9618.718
CAGE22EEX2HKGXFQ,4024.9355
JCKEG4AKNM3HP3MG,5049.236
CRTEA7HANRC9HYK3,9091.8
MPLEJEG8SDGZ4GGP,6554.4463
ACCDX8ZTH89YR2ZF,8248.441
CMTEJQYQEU2GBD2V,4285.202
TOPEYY5YQGGRWGGZ,5406.1885
TOPEG3ZFYPPG9HZM,5354.096
NKCEYTXEPHXSXDKM,4182.677
ACCE6TJTBHE6YHDJ,2516.1152
SUDEHYGUSSZGDBRQ,9661.608
PCSEAH5W6GBGTD9Z,5440.945
ACBECFGT74DBRJRT,2665.982
PBXE8WPTPZSCW8UP,3169.973
NKCEC86VG3DP9ZGQ,2090.8867
NKCDYRHGGJUVZ7WC,5444.9707
TOPECUYTF7XTXND3,2645.3618
ACCEGF6WWRAUMRPT,3063.773
MUGEBFGF4ZDPGTZZ,4050.469
MUGEB7J7GPWUH6Q5,1071.7793
NKCE7MBRTAZB2DB5,9097.475
BRAE8VUUYMWAYSCK,7885.45
BRAE5F3KHPGUMPCW,6810.995
NKCE69P8JR2ENBAG,2489.7244
MUGEBJ7XHN9UYUH9,4205.609
SNDEGGQ2QZ2HMFYB,6494.468
BRAE7YF6E3PH9JGW,5316.896
NKCDYPDSFAFRAQ9T,6838.5415
NKCEBZNZXXAKBVMW,3047.7952
SGLEJFM3XXXGKXDA,4065.2673
SHOEJGFU7RXZXFEM,3489.9597
BRAE9G83CUBM56TA,5927.262
PBXE9GF9XZTGMCRG,1298.4171
SHIEFFFPVBQK6GBH,9048.3125
CRTECN2QZ3XEUPTT,2364.7756
MUGEACY8NCCXXWJZ,892.1945
BATEGR3ZHKPGMHXD,5904.639
NKCEA4CAU4WH8RKF,3451.3333
ECOEH4BXGVMBYEMG,2161.8726
SHIEBFXDQYHQAUQF,6150.296
BRAEFR6J5FJ4FUZY,5341.4956
NKCEAPCVJKG8J283,3852.879
NKCE4VA4M2ZKZGUY,7815.3154
TSHEGZKMZYGHZPRV,6191.039
TOPEBWGFN8MFKKKE,3346.6846
PCSEAH5WHJCJWVQE,5805.6733
BRAE6AV3FZNGNTXH,2215.5256
TUNEB7FU74F3UGVH,17518.217
RNGE7M92BFXHH5VT,5291.3623
CRTECN2QYSAMMGRW,1374.3992
PCSE4TF4DYGDKZCT,7973.87
BRAEE6YMRVXF3HNV,8025.3853
BRAEBCY3WXYZEGBU,5317.3066
JWSE6GH6HKQFXTTD,5256.5693
HSAEH6FCCGM7HKUQ,4672.395
BRAEBBYRCKVHHG7Q,5339.753
SHOEAPT3RUN6RAJ2,2440.3484
CAGE9ABAGXS3WZDB,5136.8257
RNGE65FGMRNRDSNH,8128.2017
CAGE22EETSQPZKZA,8536.838
PCSEDPHM4G7WAYBA,10028.319
RTRE2TYNWTGTPE8D,2783.2217
PTSE4ZHEZTF7UYNK,11427.534
SCHE7YGX8SSZCHA2,3227.3643
WATE6S3AZNHMPTJA,8248.956
SHIEY6KFSWWZVUVT,4323.052
CRTEA7HAC5HFBYGY,2602.9617
SHOECK2F25ZZS6GG,5024.9497
SHIEHZSPHYJF494X,5718.2554
BRAE77MQQGG9VQVK,2055.322
BRAEBHDVYFH5AWYH,7057.4185
CAGE5GE5YRY2YNDV,2152.9739
BEOEGXRWE4NDBJNV,6283.2773
RTRDNGVMCGNCTWUU,5749.5156
GOGEHZ5P5XDZ2UZF,4683.451
SHIE7MGDAS5B4JEY,3709.4922
CTTEH9FUH3GKT3TF,3007.1772
TMLECXEQ9PJUZGTY,9349.544
PELEGNVBZXXXKDNZ,1334.6412
SHOEFSE2WAFKZFHX,5145.2915
TSHEHU5RBAFXVFHK,5294.8066
FSEEHAGGGFHQJKWB,10623.026
SWSEDXEYKZKKEMSC,7982.913
NKCE2MBFEMAJTEBD,2151.0327
WATE8GDGPNKRTURP,1069.3514
WATEB2FZUMQU4W7R,969.54913
BRAE4YXVJ86CZF6F,1788.2448
KECEGTXHVYW47ZZD,3838.3875
PCSEAKVBYGBZXKNS,8173.6987
NKCE5QSZPBG9THXZ,3844.996
NKCE6SR4GUG326DS,7464.9604
CAGE9ABAFWTJFGVY,1903.3549
SHIE4T77GMCNHFBC,9824.741
PBXEACG2FBGPQKWG,3573.7576
BRAEDSKC3YRYJZCR,4177.048
PBXEAGTNVHGQT75S,12606.349
TOPEBTGCPSWPYGRM,8074.2407
ACCDQDYBQZPEEXTY,18102.688
WATEBSZUTGAQBCFN,974.45264
CAGE9ZGYNRZCKNEF,6337.689
SWTEFZCKAC4MABVZ,5687.61
RNGE87FCF5VXWTKH,4932.429
LJGEG57EHMYZQDZU,4391.4507
SHOE6VH5FY6TXG62,2153.2961
CBREGH79HVGFZQYW,6530.3335
ACCDWGG3HSCGUN9V,4587.632
PTGEGUPYWSZFTDCB,4781.6035
SHIEERWHHPMWHPWB,6291.344
SOCEGGZ8MHX79YGA,1575.4995
NKCECQYZXR4K76BH,11003.687
WCKE2TFYGMCEPV5G,3634.256
JEAEG7CFYNZDJEVD,5498.1455
TOPECY77GYMZDRGX,3541.3164
RNGE5GSJTGW5V9CQ,13989.13
NKCE49ATDNH39ZYR,10781.903
WATDSV3UMUNAXURA,10635.604
BRAEDFYYZUQJBTEH,4783.086
JEAEGF6NVGBFHSHH,4570.2427
NKCDSCF3GCSWCNMP,12811.2705
ACBEHDUBQHXTPAVK,3315.9116
NKCDSCF369WABYU2,12616.638
BRAEB2ZTUJJFFQTE,5203.197
BRAEDQFRTQFYPJ2Y,3687.5962
TOPE8Y6THTGRDF9D,3473.7131
TOPECAE3JJMVYJFF,5239.7754
NKCE5DGMUGHTVMW5,2640.2007
BBAE9ZSFDZ5JEFGA,6295.643
NKCEYYX9FZWBEGQF,3666.0688
TSHEGHHU6C28JJUH,6934.56
MNGEJHG7AVRHC8VF,6977.2905
CRTECN2QYV9WPJUC,4926.2554
AIRE98PZQXREURYP,4964.7607
BRAECFARH6PZ4J4W,2997.4583
SRTEHXSHU8DXFRYM,4700.864
RNGE7GVYGYRGX5VT,6698.6255
TSHEEDY3HY3Y2HAM,2347.498
ACCE5HSSFHVYZFGH,3614.5872
KRTEBKQJFWMZHRRF,10389.513
NKCEC8AC6XFX5NGF,2009.5701
RTRDGGQ754BDWH7U,2424.5215
BLAEEH2ZH8PNRD6M,7425.325
NKCEAGXHHF2ZFZEZ,4964.668
PBXEBKWJEADHCZVN,3437.7827
ACCEGZ66PXG5AHHJ,5129.608
RNGEH4G46M4DTFSM,3759.9119
KLSEGUGFRDBSSEDM,5749.1816
NKCE7KY4YRMECRVN,3461.2063
NKCE6ADEKEGUHPCP,4093.8633
BRAEDSGQ92HDFACZ,6320.0615
WATEHZZXEGZEZZBQ,3549.5417
NKCE7MMG4PWWHFM7,2712.7798
NKCE9Q93GVK3B8MZ,3919.6846
SFFEGZBWFGFTGYY9,6503.4873
ACCEHR4HMGHFRQAC,2826.106
NKCE2RPCBRZFJZZM,2519.5237
CRTECUWZXMV2YZ9G,2575.823
RNGE9GWQJSAAFF48,10534.758
WATDXFGTP3FEMGEH,11913.748
TOPE5WX3KMNXGUGM,5799.956
CRTECN2QZFVWZMTY,1582.2189
WATE26J7Z9MEZZKH,15209.181
NKCE5EF4H8C5MCGD,2177.432
TWTEHH2BCWXHVTHF,3455.6938
MATEHF3PGYP4ZDPB,9148.889
PCSEAKVBHWNWCHGU,6461.437
NKCDRDWASY2HY4V8,8974.329
PCSEAH5WDKWZZ2AU,5951.673
SKIEG6VFMGKXVBDQ,6696.689
TMKEGWTM9RBGGFM4,4766.405
TOPEHFGNNEE2ZGBU,13583.92
WATDYFQ5UHW3SK4N,9060.515
NKCDU4RZDXGZHGGA,3930.4827
RTRDVFAPZMNA8CHC,3477.3179
MUGEBFGY3HVWBKY4,5559.4834
ACCEGYPF35GBXNGB,1272.8804
CAGED6GK44DCXKZM,4806.501
NKCE88AHRCD7KNQT,6521.37
BRAE6ZCHAQFRYMQY,1404.8229
CRTECN2QUZSRCEN4,3938.2737
PTPE7JZCBGGKPSGS,3460.7876
WATEHXGUJCYK88TF,4755.7397
SHOEDP7ZGYFKGWNH,1096.0785
DRPEHYHMFE6G3XZG,4327.861
WATE2FAHSMPK4TPR,4748.939
NKCE9ZGXYYRZTXZS,9766.9375
NKCEANMPGYRNMZJP,3797.7751
BRAE2NF6XGU42KGQ,4848.659
SHOEFPMKKVP2SVZD,5291.045
WATEHYHPZSDEGFBT,4292.1816
ACCEAZCVBHKKDVMZ,6346.4824
SHIE4THTCWNHTZXM,5324.347
BRAEBXRBCCJAF72G,5608.651
WATEHZZSSCU4YXYG,3634.518
VLBEHHW6ZWDUZNAJ,5466.7725
KTAEHE9KFCMVVSBN,3858.6191
SNDE9HRW9ZVPG9A6,8143.6016
PCSE4A2ZBHGAVCDF,6622.126
SHOE4UC3MJZF3VFJ,4551.132
JWSE9CZDPATTCRX7,7534.969
TOPE8YMASZEUXPRY,5399.0786
ACCE8WYMVWNXBBAH,3997.3867
JWSEBCY4HHXYGZJG,6264.964
NKCEDFNHMTWNTVHA,2185.4194
TOPEHZNZ9YZYYAPU,3584.1226
RNGEDAK2HFRD72HE,5567.47
SLIEGXZYZTTSZD9C,4076.5159
NKCEDCT9X6VHCF37,2851.6409
PTPEAT32YEZ7G4BB,4325.754
CAGDU85YYWZHHNGT,3756.5671
BRAEGJFX7PSVECHP,4824.241
BRAEBG4DCHJMRYZZ,7114.953
RNGE864HQQUYJQHB,5461.82
PCSEC86VHTYFJHUW,7081.075
SHOEBYZGZ682N4K2,2686.0803
BRAEDX66GWPY6KJ9,5781.344
TOPDXQWEF87REHYJ,5626.125
NKCECZG4URZY9DZ5,3638.311
TKPEH9F5BQTQAMSC,6030.2183
WATDZ5HGF5UXGZVG,9829.537
BRAEBBYRYTEEDDA9,10911.703
NKCEAFM7PNFKNZSH,3937.2969
TOPE3NVYKBXFRYSG,4911.2485
NKCECGVAMX6ZGEVH,2446.6702
DREEBAQ9YMYF2Y3N,5004.367
MUGEACY8EVX5VAMD,4361.876
CRTECN2QSZFWPZFY,3636.174
WATEYAP3GD6VYR5U,8132.2393
RNCEGE7HZZRPMSRF,2436.0107
ACCDQDYBNKEVMMCU,6542.6167
PCSDY5AFFB4EXAX6,11909.93
NKCE9G2BHRUF9TWB,4728.919
BRAE8TFHZJ6A2FFZ,2355.22
CSOE7JP6ZHUG9HZR,3347.2837
JEAEHYZMPCBH3HCZ,4025.1262
FABEAJUHKKTRCNQX,3021.6968
JEAEGFMQSBYX5M4A,7221.6606
NKCE9YFCMXP7QXRN,6524.7686
NKCE9TBYPBNJYZRS,359.4652
ACCEDNXYRZWBPFDF,8447.216
SHOEHXFAMFH3PDHY,3784.4446
PACEB2XUZJWEY8BH,4634.0083
NKCE6XU6USJZXSB8,11477.356
SWSEHTRZKX3HZCMJ,4404.8027
PCSEC86V2Q6P7PAB,6718.3647
NKCE6GJ5GD7KR8KZ,1678.6692
CRTECN2QUAQVZREG,3134.3643
CPCEJCCPYGHSTWTF,6075.2095
NKCEBBEYX8NWRXHA,3816.297
BRAEBBMQWK9K65UU,2062.8813
CPCEH2BTGUYS5XJB,4133.048
WATE3FAXGFHMASYX,3045.951
NKCEB98T6AZZCH8H,6215.5073
RNGE7M92NWJJEHDD,6397.09
RNGE8URWFPRT4QZ3,7123.205
DREEFFG5PA6AVFH9,5679.7827
DREEGNWGSHTUKCZM,7596.571
LJGEJ3G6J6Y4UUH8,6165.49
NKCECZFZNVGGSVBT,5393.036
ACCEGZ6BDHTWARMS,1676.8202
TOPEDFACGQGAAAST,4148.31
NKCDU4RZCR2FGCCU,3550.7239
SHIEBQF6VHTX2HYZ,6172.0737
PCSE9Q6VCVMWRAPN,699.00195
PBXE9A6DECDDMJHH,4137.0303
SFFEG7FXSSCPUMFQ,2524.8982
NKCEDCT9Y2YDXE7H,5897.0957
NKCEBMDCG3PEZTHX,11713.732
CAGE53FSJHRA3SKZ,3871.8037
SNDEE5FM7FEKDRKR,3789.611
CRTECN2QWM2RYWZ6,2842.2593
CPCEJMKVMKTJ3WHM,5754.2383
RNGEDAPTVZZTHMY4,5526.4624
TWTEHH2BXEHVZD7E,4470.505
SHOEGAJFAU2N5RUR,6340.1177
TROEJF3VVVJHAGBJ,6510.978
BRAECKHYM8BYAKHR,6673.167
NKCEBGJZEMQ4FK2F,2336.2646
SHIE93F2DYWFVQNG,2340.4597
ACCEAZCVJZFACTYS,1590.9081
CAGE4BQYUXBFXZVF,6745.4717
CPCEJMM7HWCNNGBR,4637.4907
NKCEAVZ3KGJFW6FS,11194.778
CCVE3Q2TBZRQYZSZ,2676.1743
TFHECYGAREJ2ACWS,5148.208
CRTECN2QTH5UTZFQ,1338.9631
NKCECXEAF6GMGJTF,6317.255
CRTECN2RFMUGEFRZ,2605.6736
NKCE8HVPHGWPPMQJ,2947.155
MDYEHDH9HMZPANGJ,10407.709
NKCEBFWTSPVWSGXF,3967.636
SKIEG49YYDQ2QDKM,12061.631
NKCECZMAXJZH6XJY,8592.766
WRSEGHG9XGHVRSJR,7227.406
NKCE9G2BYZGJGASJ,4036.8286
HRCEGVM3ENRZXEPB,7952.4937
NKCEBGPNHGQFQWSU,4262.8174
NKCE9YFBD4MBHHWZ,6123.244
CAGE4Y4FZ7H9JZTB,1541.7545
MUGEGZUNY75RZUNG,1681.9851
KRTE5RNER2AGFGCV,2393.2922
CDSEG6ANKKXHFEVX,3629.9841
SGLEGBV6ZYCNDR8F,5840.63
CRTECN2QXZCWFWHR,3631.0154
ACCEAZCVWMCUN6MZ,5103.999
KTAEHE9K8CQJMQCV,2824.8186
PBXEACG29J4ZFS5Y,3306.7644
PTLEHK3XF6HH8ENC,6014.2944
RTRD3849TERR75YB,106.664856
BOTEEMN6NM57HSBU,2587.8887
PBXEB34ZWNXHWUGV,848.1749
NKCE38HCHH7XVHZ7,3950.967
WATECGG4W76YEBUB,4481.494
KTAEGX2WM2MBUSHJ,5911.6426
CRTECN2QZZACHGYQ,2359.8823
RNGDVVYB6RGSAWRZ,4220.158
TSHEHU5RKERGP5SG,4927.204
MUGE8S9KB8DUER6P,4273.669
BDGEGEGDXYHYAJQN,6708.447
BRAEAZEFXGVCTJJN,7734.9106
ACCDQDYBZEQG6HPZ,8119.1743
CAGE6FYKT4NSENUS,4453.522
LBXEHYZYWMMQA6HT,5935.8965
SHTEDWTVCEUBHNJN,8159.7163
RAQDCNWAGART9UVZ,3468.656
SRTEGYXHGCTXUBD2,6867.092
NKCDYRHGDS3PFHWZ,2073.9163
RNGE86J7FRTSQWCR,5855.384
CRTEA7HARUAWC7VG,2768.1448
PCSE4SFFZWMNJCAG,13906.355
KRTECQSNY3GFESAZ,1115.9119
CRTECN2QU6HG98UZ,2962.8286
CTPEGGFSTGPEZEUZ,5392.44
BRAECKHXH8BU3HBY,7186.115
BRAEE6YMMWFFJNB9,1256.5227
JUMEJB3YYZM5HSPR,2730.3308
SHODYGFWEWCG6S88,4083.4258
SNDEDKKXMX8ZGVQR,6017.913
PTPEY6JZGMWZF8H3,5967.1445
TOPEH3KTNUUZHJEZ,3336.1726
VPAEHT6TNFR6FWTQ,4535.782
CAGDUNH36EAX85G8,5148.4365
ACBECFGT5ZWMXAVZ,9009.344
NKCE4CSZWA3EAF7G,1348.2368
BRAE5RZ6UGSFD9HE,5601.229
MUGEB7J7SPWJTRDC,1978.2509
PTPEFMKUTCGZB5G5,3162.275
CAIEGP4YSZ4GNUV4,4316.2866
NKCDWBPZGZW7X3MH,5001.7983
SWSEH99SSMHCNFQ9,1144.6221
SPWEJ8JHFG9PTDUF,3923.3623
HMBE7G34Z5CGHWYV,4932.194
CAGDTN27DEWJYUHK,3476.7612
SHOEYVXVYAVXACCW,3098.043
MUGEACY8CDCZTUMD,3207.658
ACCEJR2FXPFFX5H3,6115.1685
NKCE5MEFYG3PUGXK,3132.429
ACCEGZ66Z3SSJEGS,4350.8843
OTYEHQ3FPHGKV36X,3812.2559
RNGEDAK8ZDN2J4FC,6364.981
DREE74XGZFU3T8TH,3097.4287
CAGE6GQCCDSWABFT,3611.226
SNDEDGBMM8UGED7W,11796.336
NKCEDCT93M9UCFF4,4210.6807
BRAEBYMGFCDFCEJX,1226.4635
CRTECN2QTARWPXSU,4534.5703
PBXEDDEFV2FSNH4S,16783.078
VESEGZRRFGMV9JRD,5034.444
BBAEBSGBZHAAQNSZ,4602.626
NKCEAFA9TT2YCXGF,2474.8542
ACCEGYP2U9GYXRBX,4006.157
NKCEYUVRC28U5CEK,6425.36
SHIE9HH3AFF2GXZD,4292.0215
NKCE73V3N6ZSSGKT,1149.9312
ETHEJG9FWZ7NZ3GK,6818.308
CRTECN2QWA68UMF7,4785.2607
DRPEHYHKJX3VJS4H,4360.5156
NKCECFGDJGFGXYK3,270.0863
KTAEHETWZZ5KEAT9,995.27295
CAGEBTJBTZ9HK4AU,1095.9465
NKCECKHYH64EPAVZ,3493.437
NKCE9PFFUGQPHF3C,8055.878
BRAEDSGQVKFWUWVQ,8367.243
ACCE8XZMD6J8HBY3,6600.768
MUGEAGGKUQE2HYPZ,2367.456
NKCE6GKJTFMH5P4N,3277.3816
NKCE9PFFZCSSMMYC,5036.4688
NKCE9G2BZYKFA4UQ,3312.6003
BRAE6ZCKBUYE9PTV,2048.1558
DREE4DF4AD9ZZHEX,1090.1523
NKCEAY3RNC2QTZXR,1557.3472
RTRDRDPR9JHCSBGH,6823.141
PCSE4FKCZ23EPQFS,8153.8086
PBXEBJ4N3HJZ7R3G,3043.5813
LJGEJQ4MHZZTHGPQ,4199.031
DRPEHYHGNAF5UYUQ,4555.8403
BRAECVGYZGZT5VU5,2252.696
NKCE7MMGPQTPZZ4H,2558.153
TOPEYZ3FCMTYGPVF,5714.1562
CAGDU85YG8UZE7MX,2011.4286
BRAE3TSHZWSBH2UD,4665.647
RTRD6FYY7B26SHXC,1836.9366
WATDGFAQCFCVSJPA,8405.81
TSHEHU5RZMHH3AHV,5413.796
HMBE7G33NPATJGH5,5448.9785
BRAE9RDQHWKAKP3V,7358.172
BRAECTFYJJNYCY3X,6966.5693
PBXEC8ASYZ7YS7EZ,1815.9088
TOPE45NZKEMCDZXX,1637.3131
SHOE2FQCMD3TAYMF,3511.0247
BRAECZZTSHGQZXDB,3522.5107
NKCE9PFFKH97YNZH,4638.87
NKCECGT3NM7QF8WE,7075.6997
CRTECYY4GWBEETBG,2634.1594
NKCEC8ANGCPBJRZ8,3476.0947
BRAE8JUGDZBU9VR7,7446.193
NKCEBUPHRGF95VC7,2026.825
CAGE68FFZ2ZWZVHQ,659.8745
WATE2FAH5NM8VY5A,8945.921
SHIEHXZEFKZK3FSS,3115.7336
BRAE6YVWZ6KH2ZBQ,2841.1033
NKCEF9GTBBTUSVTS,8970.993
BRAE3TSHYRVTD8GA,5954.2905
TOPE4VR5DXAHVAG8,4064.4446
NKCE5YA94NVQ6TQ2,964.0325
TWCEJFXHKFKVGPV7,6513.446
SHOEAVPFUVHJJRHT,2488.1582
RAQDEHGUB5VZTC8H,3184.9685
SHIEBZB4D4GDYYRS,4310.009
NKCDY44FCVDHFMHM,4615.2363
AIREFFFUHNZVZQVR,6187.7505
BRAECKHYRHKCKCKK,8086.3774
RTRDZBJ5GRMDUZ8H,2745.1904
RTREBTANEFURUPYE,6636.675
NKCE7ZNGGKGZKEYG,1044.5453
NKCEAKKRNRCZZDV3,4979.774
FABE92NVEAZSZ5ZP,4428.032
NKCE9QTMY3BFZCQD,3059.6653
LJGE9TGN9YHYZEEF,4346.686
WATDNJVHHKXKVRGF,6312.2437
CSPEF6X75KQDJNF2,2326.7852
NKCE4VA49YHSX6KW,8179.643
POSEJUA75X5VGPAJ,7425.966
PBXEA92SYTPCDYMB,700.7236
NKCE3KVS9DFHXFPH,3833.6016
MUGEBFGY49MKHHRT,2935.8904
HACEGPF9FDKV3EPK,5378.0337
TUNE6BCYWTRKGGKA,8885.611
PCSEB3FAUUWKEPEF,8215.935
NKCDU4RZ2GGYUJGM,1092.2822
TOPE8N3AF8HQ4GYA,6248.693
PBXEAFRYZSFHZ2CP,5335.7773
CAGE9ABAQS8WKHHY,745.1599
CRTEJUA3CYHVYNHD,5985.075
PCSE4V8GWTGYMVFY,6252.1733
VASEG3YYGEKHXWN6,3809.7412
JEAEGGED6PZQCGTQ,2002.6699
SNDECRS4R3DV9QXU,6595.793
PBXDT4FTQGZGVCNC,2691.9785
BRAE6AV3ZZQHKDCN,7641.8413
CAGE8PKGBKNCYKJK,4541.5566
CSOE2V29ZTH5A3QU,3543.465
BRAEAW9HSZNM5URR,2129.636
BBAEGGYMPH6QYBFF,4081.6582
WATEHYVPGMHURTKG,3094.5498
PCSDY5AFGFAQNCY9,7271.5776
JCKEEAEZMGBEXQFK,5428.608
WATEYAP3S3TD5EMR,9900.767
SHIE8M9PWUF5H4SF,6963.2085
LPBEJGFEZNV23SVG,1794.3538
PTPDXN7BGMQBZUTA,2887.232
PAEE7ZWAGCXEKY8B,7808.25
CRTECN2QZHEJ6WJC,3373.237
FABE92NVZGEQ4HY8,2323.4077
RNGEDAKEG2DV5Y5D,6252.4414
JEAEGEFMHBQGU5NF,2118.9875
NKCEAY3RKEPGNWWV,3595.8699
BRAECKHYUPMRFRTZ,3658.625
PELEGTPGEMCWUGS8,3637.9873
LINEAVE2XKZNANN3,2846.4077
RTRDNGVMAKRQKH7Y,3163.324
NKCEFG3D8UWFGKGE,2661.6648
CRTECN2QVUET9PQ8,3052.7812
JWSE346HBDCSUGR6,4772.87
BRAEA2E7XHZHG2AG,1956.5364
PTPE2SSXSTFH6HYY,5002.111
BLBEJR22ZT2WUKBZ,8781.084
MUGEBFGFRPNWGQTD,1501.7771
PCSEDP3UF6EYPZZX,2172.6802
ACCEGUY72CYWXAEW,4457.9683
MUGEACY8HGXBNPB7,4086.3557
NKCE5VAAU2Y7ZW2Q,3356.1377
NKCED53EQTZ6R4WQ,2829.1226
PCSDY5AFPWQBABVU,8090.8745
WTDEDGHHGDEPSSRR,17876.812
SHOEHEP5EWSGZ7XA,3608.2322
RTRECEYMHGP3JXFV,10971.27
PSUEJA2HRBPYHA6K,2518.2092
TSHEDF3HADCJKGWD,4024.398
NKCECGT3BZDXZ3ZH,303.82327
SNDE85CH2PN36BUZ,8310.715
SHOEFVT74G5BYHDY,3353.0706
RTRDA4U7UE3Z7UMB,2396.2424
NKCED6EXGZZKTGD7,3461.6948
PCSEAHJCVPRUPVHX,2313.2886
NKCDZFFRZEEMHAFJ,3207.0403
CRTECN2QVVTNPXXN,1334.3722
NKCDSCF3HNMXRCF4,7484.443
NKCE8JXSHFBBQDKY,3385.3918
SHOEF9G8CVWHRH5M,1686.7897
CAGE2MACSYZCWHFG,168.32098
TSHEJT2R2XQJN8D7,6624.0146
PCSE6SJGQCXQGC6G,7444.748
PLLEHQUGEB6D5FCX,4556.5366
RNGE7W8T7MYQQEFR,1476.6177
NKCE96SXDYMGSFBR,6019.3945
BRAE3TSHYGDRV2UC,1355.2192
FABEJX2NHNKCYHKA,2216.006
BEMEGFHSMHZYNZB8,7382.022
WCKE2TFF4ZYGXUMH,3784.1802
BRAEDZ9GVZHWZ5BG,8235.327
RNGEH3F2FAPU3TAG,2152.3867
CRTECN2QTPZCMCQD,2408.4314
HACEJQ7HRGNBYCEH,4245.0024
CRTECN2QZMHEU2J3,7176.01
DKOEAWE2SCYPC5AW,7782.9
ARPEE3YX9Z4QGJ86,2408.622
JCKEJNH2AZGKWGZC,4537.163
BRFEFY5BN9VHU27H,7837.4985
BRAECKHZWAGBVZXH,2955.407
NKCE9HF3TENMYXZY,3369.3577
PCSE4SFFJSWJZVH4,5824.1597
NKCEBHGBFEVC2ABB,6145.6997
MUGE7DUFEC3VUZMF,5680.035
GRKEG4UVAZTGYWRB,3687.0632
TOPE4ZKTSBAEXGFR,3921.0083
PBXEAP3SWFZRHZ6G,3986.7144
NKCEB5BVMYFMHAQH,1603.1836
NKCE3HG8FDBHK5GX,3744.4602
SHIE8WYNYRHSFCRR,2819.671
NKCDSCF3QD5EGFJ2,5706.12
TKPEG27A7Z6JWK6Y,5903.7837
CAGEYFZW7F56GWZP,1672.4418
FCTEJXGUNGMHANE2,8129.7324
SHIECYFWJWCCHHQS,2525.361
RTRD6FYYUQZJBY6F,4220.0947
PACEB2XNEBZTJZZG,2187.5063
SHOE2GUHSZRGGZYY,4887.7793
ACCED55XRZT9N2HH,4671.8306
TOPEGVHJECVFBRMF,4922.9043
DRPEHYHN3MYJDGGM,2853.864
RNGDXNG3HGFQXGAH,4602.4644
SHIED9AKUTQZQ5ZK,3801.1216
CRTECN2QST3Z947Z,3873.04
RNGDWKZMKNTUBPSF,3844.0813
DREEJY2NVHFG6GCB,2413.6013
SHTE37DQJWSQ4VGH,5653.0703
NKCE9ABEYD53HSVG,5027.4624
JEAEHUHKMA8EGUUU,1610.4464
SNDEHZPDGB2ZT8ZY,4122.9854
CLTEGMUMJTPY4RMG,5149.409
BBAEGJFQZTGFHJHD,6768.161
TOPEEERRTBB77BXA,5661.211
NKCDWBPZQANZRF5M,3681.3743
PCSECV3FSSB22FGE,6372.9395
NKCE6WR3ZWHWKEPQ,2306.1238
MUGEAGGKQM37W42E,3792.919
SGLEGBV4QFHTNHE2,5078.134
LFHDQAZP4FHGGZEM,6002.7144
CLTEJQ8FTCZAEPNG,5357.116
NKCE6XU6DAWYHWQP,4694.976
TOPEBN32XAZ62CTR,3309.818
NKCEANMPATURDMHV,3226.769
PCSE6X3YCSZEG67R,19295.045
BRAE4DHZDPMTFZHC,7164.3115
HAREGG26GDJWFYMF,1065.9719
BRAE3TSHWZREUJAC,2156.3152
USGEJPQHZHYZQHBU,6169.1177
WSCEJTDHY9UHKP5K,9207.012
SHKEGNS9TWHJAN6Q,4856.464
SHIE3FHYRRQGFFXN,4254.486
SCHE4YSTYDQBDYQF,3275.164
SHIEFFFPDETWTWZR,3149.0435
ACCEAZCVPTGEGVMR,8116.06
SGLEGBV7VGZM7BFR,12674.512
CAGE7BZ56MVQGKAB,2015.8535
NKCECG6ZH5MJT4B9,2664.216
RTRDZBJ5FZSU4AYZ,4502.4277
TROEG3VYGVSB9F5H,4415.601
SHOEHXFAM2NDZBHW,3654.9468
BRAEBBMQY9VZRC7G,6843.289
PYJEH93NGYCXNNFK,2702.0334
SHIE6ZSBHCNYY2CP,3452.3953
TSHE4DNGUCMVXYUH,8981.398
CLTEHE9FD2APDRWQ,4422.1123
SHOE6ZVUSR95HF6P,7809.582
SHIEGPXGZTK5B3GT,5880.059
CAGE2XC2HFSSQNSM,2385.4114
SHOE2ZNGUCA4DHHP,3317.909
CRTECN2QXHEYVVTX,2351.2573
CAGDSNMD7GV2GYMH,7046.07
SHIEC8ATXGYEJ4GD,4063.3623
CRTECN2QYASYFKGS,2598.918
CRTEA7HAHHCSHCEM,5119.0786
WATEA2H8FTBKZGGG,19890.611
TOPE7T4YMXRK5BVG,1279.2253
NKCEAKKRTHT8RNC8,3477.991
NKCE9HF37STYM5KA,4460.52
SNDEG6GXFS5RYFGK,9866.821
ACCEGZ65AEVGSGZ7,2868.7507
SRTEH2FVVKRBAXHB,2455.4094
NKCE5QSZ6FQSNBDF,2900.986
SWIEHF3EF5PZAZUY,3514.4373
RNCEGBGW9PYRXNZY,5952.5938
BRAEDSHQ6X5YYX6N,3191.65
SNDEHZHVMR3XPBST,4282.9956
ACCDX8ZVV2RCNYCY,6630.4326
SKIE83ADUJ28U8ET,6083.5684
ACCEJ6TEHCH7MCQ3,4326.2056
CBKEJ3ANRFJUM4TM,4673.3467
RNGEDAKBVC9TKFHZ,6247.964
MUGEACY82GPXUBAC,2604.4573
RTRE4VNCJZ3UPGQZ,3411.007
MATE49ATDVVEEEAN,5687.885
NKCEAVZ3EDVJNXMT,484.34573
PCSEBXFVZSYJKRCS,8574.205
TSHEBSF9NBDWJXZW,1498.6185
CRTEA7HAQQCGTPFU,3618.243
CAGE3FX7HWMQAPCG,35.425392
NKCE9PFF3WZAZZXG,387.0297
RNGE3YSW9ZUZWYQA,9793.535
PBXECWKZHWRCZZPJ,1817.0215
ACCDXFA5QFCZZ4WZ,6538.8267
NKCECYNZGHYQEFHY,4232.098
WATEBYZGCFGUP9HG,1151.36
PELEGPF7UHM3WUE8,5983.5522
MUGE9HRRWZBDVHZ6,2880.97
PELEG5CSGWYFCFNQ,3053.0815
PBXEBQGMBP2VJTSQ,2222.745
PTPE4JYTPVYZ8ADY,6241.997
SHIE9J6PYVBW5ATG,2762.3
ACCE5UKY6UXGVT9P,2766.876
CRTECYY4DCRARYG9,2694.509
SNDE8VY9K2JGMJJZ,7346.345
CAGE225HGFQ4VSSK,6507.953
SHIE7PD3EF2NCGBY,4339.5874
BOTEHZDGPGFHVQWJ,5590.755
NKCE7MMGJSVN3J2W,4754.295
ACBECFGTRZCFBJZJ,6083.8477
WATECYMJPRYH8D3E,5152.237
DREECDCRPFKFH6EH,5281.746
CRTECN2QVZFZWKQS,4033.862
CTTEH9FTTMQQHD9V,3555.3528
TSHEE4WNPAZGNG97,815.113
CRTECN2QVS6GJZHS,4561.9883
SHOEHYEXVYZRGMGJ,4440.7188
SHIE9FMPQBGXGTTH,3806.1858
CRTECN2QXRVZAMUH,3149.4148
MNKDZKF6WYMMF2M5,3593.9062
RTRE63NMMRZ8MUJT,4874.4873
NKCEA8US7TNGUJPE,3756.7378
CPLEHB7C7QYBDMTV,3114.0386
NKCEANMPCSWGRBH5,9724.095
NKCE8NDJ76XBRZ2H,9189.055
LJGE9YJHTJZCQ5VP,964.28656
JUMEHGYX4SXZB5K4,6046.084
TOPE7QTUPGHXCBGZ,6450.256
JEAEGE5F2DTDJKCZ,3233.0857
ACBEAWCZBU7RZGGJ,3711.4648
PBXEACG2NG3RZZAF,2165.9702
PCSECYY4ZSXXVKFD,8327.868
SHIEBBWHC4YGH5GY,13553.556
NKCED7FPT2YG2GGS,3670.497
BRAE9C3HQTDHK7HA,3231.0444
SHIE7ZWAT8HEHBZX,5811.116
WATE8H957FY57WCH,7472.198
TOPEHZNPUWSFVHKM,1385.4669
ACCE7B8NZXHA5ZV9,7562.969
CRTECN2QVBDPEQQ2,5356.1396
HACEGPF9EMXPSEJU,4270.455
CAGED4CHGZGWRKEB,1550.0299
SOCEGHM6JKRDJY33,8912.758
BRAE6ZCHDGWRDHCW,716.35266
MUGEAGGKFYCFTBUJ,4647.7144
NKCE7MMGKZPBQQS2,4276.7095
PBXEBQGMSHJDXHKW,3500.9138
WADECHFGPKW3DHDX,4221.001
SHOEG7NXNBF9PPJV,7766.162
SRTEH2FVUHAAVH9X,1295.0757
WATEYAP3WGHZZ3FA,1649.3287
DREEAM8QTHGSDYJV,3772.0308
PBXEA4F5VFXHSCY8,3894.0908
SHIECYFWYYZHU6NR,1712.7238
DRPEHYHJQNGXBZNU,3616.4507
MNKE75M6XXECTDK6,2170.4001
WATE9ZYZRREUHQN4,4450.669
WCKEGM8FGU9ZT8QG,5627.611
NKCE9PFF3GCQYWHR,4211.536
BRAE9Y5V963WTTNW,8200.308
CRTECN2QWTEBGJAJ,4307.276
PBXE4RB3HNFDXGGN,3350.6843
PACDZTD7YB2EUMYE,542.47015
KRTEJNFUHUUXGPZT,5248.026
RNGE87FCDRS5ZFGG,4893.9443
NKCE5H4XW2PH6KFH,8298.688
CAGE44J5NGQHXMHF,9260.221
BRAE3TSHZRMGEHDM,4098.633
NKCEANMPKCEZADTJ,3852.5066
LJGEJPFEVY9GXNGG,6926.5244
BRAEDSGQVSTGKAYQ,1202.9
HMBEJCMHXNY6SVVY,2676.6238
TOPEYQHGTHDHSJNM,3832.405
TOPED9T33BGVTQZS,5870.833
WATECDB6HPXBVXCF,4500.8696
BRAECPQ5HFH5NFAK,3287.579
ACCEGKXQ8XFPHC9T,4687.38
CNDEGP52ABJZHGZY,4777.884
NKCDU4RZXFGBQBBP,3880.175
NKCDU4RZYKVHDKUB,6644.231
SUDEGGB3JXAEBFYW,1606.9844
BHGEGTATDSHFENHT,5220.997
CRTECN2QWSVZAX9V,4119.7793
BHGEGTAVWRZQTU6T,3018.3315
MUGE5HG8FG7YJHMD,1218.1364
TWCEJFXHMSCXWE9J,6716.274
TOPE8ZAFZZ6YMGFY,4958.759
ACCDSY8EGJPW7RJB,4282.2144
SHIE6ZSBHDEBFCGM,3653.3936
PBXEDDEFTWAW3HCU,1696.8636
RNGE87FCDWVPDTKV,3573.8193
NKCDWBPZVFY7H9UY,3097.8662
PCSEE4H5CYRKNRZR,2883.3882
CCVEFX3Y9DFJVJUU,3927.5574
DREEFJ44EBBUEKKY,6988.466
TSHEJUCY9HGZMKHJ,5408.0
CRTEHSSCUCMVN7SP,3652.7092
ACCEGZ5PGHCDZTNY,3762.9075
KRTEC89PH6PVAQDT,1544.8945
ACBECFGTGENHAGDR,2509.8772
CRTECN2QUSZGGH6Q,5093.417
SHIE45Q6SJGSMHTN,3675.978
VANE3KUFNUEGQNKH,6526.933
MUGEBFGFM83MRVN7,2319.9165
PCSE6SJGYMZB6CHV,15054.575
BRFEGHPHWBTHAX2X,12090.519
TOPEB7BFCW7YG7KG,7241.0664
MUGEAGGKJM5GUWQH,5673.908
NKCEBFWTSMKDQZMR,1582.2075
WCKEGGN2J66F3KAF,5555.5737
NKCE49ATTPYAPNWB,6370.502
BBAEJKEC2HXUHKQE,3731.6814
BEOEH25NTUDGG5TT,5436.3467
NKCEBUG2XMBRJDGV,2531.0593
MUGECEVFKZHBDRWM,3662.2
CRTECN2QX6RSYSRG,990.4545
SHOEH4GRSUBJGZXE,5303.352
NKCEAGXHHAAGNS2H,4673.0635
ACCE3YFFWB4HHHG2,2962.382
SHIE6ZSBWSCTKVTQ,2438.3435
BRAEAQMANF5GRRDB,8764.175
BDSE7WQ37UVSX7SK,3866.93
CRTECN2QUT9HQH2T,2477.5955
PAEEAMGFVDHGDRG5,12729.932
NKCE5W33KFFZDSDY,3842.8708
RTRDRJF8GJ5AFZTG,2704.471
WATDA5ZAXAP2VTGQ,12373.279
MUGE8NZC8ZHZPNFF,3188.113
AIREGYYZRAPHRFGD,7109.9756
PBXE68H4HF9ZZWAB,11348.708
SNDDXFQHUDJDHZG2,5418.0957
PCSE4VAVWZZECB84,8413.841
CRTECN2QVCCD9PHT,3014.776
NKCEAGXHSCG9YHAY,3155.0417
NKCEBYWTBUEBCND5,4882.562
NKCEBVFYZHDYZGHD,4398.583
SBGEGE6TNPUX8STE,3492.9058
TOPEFCVHACWGSVHY,4812.344
SHIE8QE6RMNSGPAU,3398.417
TOPE5F53Z6W4V2CP,3287.7273
BLAEE6KTGFDV8NGP,8218.668
TOPE89H8PCWMHBCP,5798.6426
NKCE9ZWYZAEAGVAK,4457.3223
DRPEF2XSFBAP4SUZ,5470.3584
NKCDYHF8ZEK8ZM58,3541.0134
SHOEGRUNZPJDGG2Y,4413.8813
JEAEGFMZ7SGJWBR5,5771.774
BAREGGF8JSE3HTF9,4965.143
SHIECJ45TFDT4EPB,2895.0623
CRTECN2QXUBGMWSE,3293.897
ACCDVPGKY3GBDB5P,6666.008
CHGEJCWFY4HFYVZ8,1423.8442
NKCE9YX2HGNZSZRV,12262.698
DREECJD8CZDDUJNU,4190.139
PCSEC86VEBNYKRB5,9918.86
NKCE93H2ZTHJGFVS,2713.4766
SHIE5HBGDYSHVA5R,2476.2878
DREEDVHXDYJCAEBP,11563.171
VLBEGFFEMY8ZFEMJ,1788.5972
HCSEHGV96WXQCBN9,4873.446
NKCE64Z489PQN4U4,3696.9878
NKCDYQ3RPPERYA9W,4844.146
NKCDYRHGP2UFXMT7,3382.745
HFCEGNQBS8P8EDHZ,5645.077
SRTEGWKHXHCF2TME,6878.5605
SOCEJPT5ZR5ADJA5,8036.8564
BRAECFAREVYWQSQG,5343.7505
SNDEDTCXWCGDH2HA,6036.7725
GLSEHPS7UYJVYUTR,1076.8276
BRAEBBMQWBGB5ZFQ,2183.9102
PELEG5CSGASSHHBK,823.7515
ARPEE3YXEPFNJGUZ,7227.9062
RNGEDAK7ZDCDHUZF,11901.159
SFFEGG74CMKFQVHF,3336.4985
NKCDTAXFQMHPMUTQ,7826.621
CAGE9ABB78YZUHEQ,8626.306
NKCDYQ3RCVCSYD2E,3095.3398
BRAEBUHYHEYKZKHK,7078.968
WATEBMY8HWCHMZZ5,4589.443
SHOEBYWT3QBBAVXJ,5449.864
TOPEFGG8TJGJ7QDT,5147.076
VANE3YXDHDRWR9FU,7038.8716
ACCEGKFHHFX5B8HJ,3605.683
RNGEDAPSZFBHAGJY,4869.6904
LJGEHFBTFDGHGGWD,3422.6538
NKCDRDWAZU9ZJNHZ,4457.0864
CTTEH9FWFHGR9EPK,1084.8181
BRAEBXRBH28AMHPF,8044.779
NKCE7MMGPQRJ3PEH,2973.339
BRAEB9SJUP6T68FB,3398.7048
MUGEAYHPFEWRVJH6,2364.8887
NKCED6EXRYZV74VY,2629.5825
POXEHPSHDKBCTWCF,5360.6714
SWDEJWDGXNYEXPXF,2617.579
PBXEAP3SVFJRZJK2,3889.6484
NKCEBP8AQZGMMWT9,5196.4033
ACCDXH5JGXMTZFTZ,7395.7847
CRTECN2QZUD25VFN,1705.2528
BBAEC897YCBZPV8H,6971.2935
PENEGGTYTYGDHXQK,5130.8457
NKCDW898UNJX5BWE,4800.22
NKCE8ZJ2643HGFYQ,6572.677
PWTEB7H2E4KCYUE3,2484.6094
KLSEGTBQ6PSU8NTG,9266.85
TOPE7QTUDHZZZHVS,3727.8286
ACCEGZ6BY4ZPBWWV,3035.8086
NKCEYUVR3MHTVGGJ,10810.6045
NKCEB2S9CGCM3CCQ,3665.3838
NKCEGGEKZXHG2ZGN,6370.5244
CRGE9667SJM3Z4PH,5448.691
LBXEHH5WRYQQGNSM,5411.1245
ACCEGKFHRM4ZGYZP,3022.0032
BRAE4VPRPHT9SYZZ,1533.3398
SHOEBDTHZDHFPHHG,4771.685
SNDEJGYFP2AT3FMH,4600.2695
CAGDW63HG5JBCVGA,2401.2344
TOPEBBGNQEVQZ2W6,4388.027
TUNE6VK2GCBPBYFW,4001.5112
CLTEGMUMNQXUEHHX,6409.3706
PTPECA2QYCZH8MBV,3258.569
CAGEBTJCMAJG7NW3,2481.4712
SHOEDHHSRF6FMWGA,2219.2085
NKCE9Q93AZYXVKYN,6802.613
PCSE2ZMUZH9PARZZ,4513.15
NKCE7MBRM6JAPEAX,2604.6558
CAGEBTGEHMQUS8NH,6706.772
MUGEBFGFRUMZGKNN,2478.1248
CRTECN2QVZZS3FER,2163.7502
WATDJTR93NB8HHQC,7054.348
ACCEGSAZPGAHTHNH,4737.6177
NKCE73KHF8KTYMRQ,3875.97
TSHEHU5RW2VDGFKZ,5811.5806
CRTECN2QUHGUJNDZ,3755.707
RTRDNY65WHG9FHTS,8425.809
SUDEGGB473ACY9MF,64.40688
SHOEG7NWGF93MFVT,4797.1797
SGLEJJ6HEU8GVW4W,865.59875
MNKE5YG7USVVTPCZ,2549.1611
LNGEBDTBGWTXTYWT,4691.632
SHOE652MJRRMFBEF,2013.8639
NKCE87C3C9QYYBTM,5231.3096
CRTECN2QVJBRMHRN,3174.1833
NKCECPQAERMCV6YM,6282.8853
SCHE82QGQ2XPDCYM,4152.6797
TOPE8ZAFY82P7AGT,3120.7637
RTRD4KY4UNGYCZFG,7866.173
TOPECRP5KCUZWYGA,3393.4958
NKCEBFWTHMVVNRDP,657.13275
CRTEA7HA7X3CW7YQ,3649.7876
NKCDXHWZHPXRF28E,3377.0796
TPYEGGGZHDFZWZ2X,1513.7634
ACCEAZCV9DGDZDDD,8045.8027
CAGE7DUYEYWSYGBY,4039.328
SLBEG68TKWYVGNKT,6776.8564
NKCE7MMGWBZPZJSZ,2450.65
NKCDXHWZGDPDJG7X,3931.98
CAGE8XYYGMRKRRCH,7503.908
PBXE9FEBPXAKEYAP,10032.561
CRTECN2QZVH3J8PV,3856.5781
SHIEC8ATMHEWET32,3160.2273
RLRDY36SXZNHEQWA,6164.9966
CRTECN2QVP7WKETJ,2402.8616
NKCDSCF3PH6MPP5N,2787.147
BRAE5PKZ8QXFHWGK,1880.2378
NKCDZHF7TKGY8BAX,3341.9783
BRAEA8YRRGJJWVHB,1942.5223
CAGED3YQSJXNZRJF,4157.389
CRTECN2QZH9J6EHK,3254.0195
PBXEAT5YASJRMNG7,7159.9653
SNDEDGAFFSHFKZN2,9615.807
BRAEBXRBYGYKC76H,7868.942
VANEB97UCYGMNHRY,6825.5723
CAGE9ABAPMTWEJGH,5619.361
TOPE8E8NJXHZ4S9N,4064.5027
SKIECYAEGGB8EPWU,6078.925
ACCEGKFFSRRVD7Y8,4822.086
NKCEYGTG8H79NJYY,6374.285
NKCE5V95W2BFNBCZ,2936.6326
TSHEHU5RTMMTFVFG,6004.888
NKCED6EYRDRJKTPC,12068.136
SHVEGZUHGVYZBRW8,10489.854
NKCEA5FHSF4NWKBT,728.99927
ETHEGMHHGGCXMSYA,1096.2362
MUGEACY8U2HXTXZ3,3700.916
SHOEC8QG3CV6YYDJ,4537.7944
BRAEBUHTPZGHB6HG,7564.6055
CRTECN2RV7NHG8XK,4435.8594
TOPEFGG8FEQUZSMS,5014.6016
TROEGZMRNERWAHEB,1020.18866
SHTE7FR4YZZ77Z9Q,6163.12
BRAEDZA3KZVHZZHZ,1930.1243
CAGE8X8XGZGQGWVN,4220.8013
VPAEHPYYFKG4NG39,3990.788
PTPEFJHG6SUSBPG8,5012.455
PTSEDAZU69CBFF2M,4934.8154
BLAEFNHBFWEXG6YM,5824.5264
HIFEB7J3RCFHZ5DB,6567.338
BRAE3TSHZWH8YWED,2576.1086
NKCEANB7H8P6QY4K,1981.8368
CRTEB774Q8HJYPMB,4674.7866
PCSDYQEVGFZSGRQJ,5425.2607
BBAEJKECZ2ZNAUZQ,10806.725
BRAE6HUHPGFHGEER,4732.5894
NKCEFMZUGH4NG7F6,2708.3342
PCSEE4H5ZCFWZZRZ,7290.6035
BRAEB96BZWFCDVY3,9325.836
SNDE95MFPFPJ66M6,3221.5564
KRTE9JEZ28H4ZWM4,7171.2603
CRTECN2QUTVCTHHS,5125.9316
CRTEJUA36GHKGQEY,2683.6296
SUDEHYGUMVVYKJCW,4963.772
WATDUNJ7YKMGG9RZ,5701.543
DIAEJUCEZNKKK4FK,2910.7107
SHIEBZB49VZZQRKK,3943.4404
TOPEAZ88AGF3KJHS,1511.5189
DREECR3HFXYFPHD4,3562.2747
NKCE8SESAZ4K8HZC,3923.253
SNDEE5FMQ5YQAKMZ,5691.1
RTRE9N5GJGJ2GMRV,3816.3281
WATEBNXNMQQQFSQG,4466.85
SNDE3E6YB6AZJDGC,15455.18
SWTEAW3STNNJSKNP,10987.225
NKCE7AGZQB7Z7UFM,2862.9343
WATE7VE2MFQWBF4H,736.78296
PCSEDCWJBHDR9EYU,2086.1438
WATDZ2ZQHSAYJPWK,9263.838
DREECJV2GVFHGQB7,6931.4014
ACBECFGTZHFZ64PN,6661.0815
BRAE3P8YHGJF5WUZ,3071.3047
DREEDVHXSAAZSBTZ,2433.764
ACBEB3489M4NQZBD,4968.94
EMSEDSHQ3VU6T8Y2,3666.7122
SUDEGGATDVCMWGGH,4586.491
PBXEBESSDYBYUGXT,8626.627
ACCEDFVFVMKXJGGG,6073.4478
BRAE3UG9P8GJXZ2X,3250.0898
SHOEJUQFQURGGFY4,1363.8181
SHIEJYHMR7DUKT8W,3261.1743
SUDEGGATJKZYUZUP,2408.633
RTRDZBJ5VAZG7VGC,7183.927
RNGEDAKBZPHKHGCQ,6653.532
BLAEEH2ZJ3G9DA7G,6286.691
SHIEB468NVUG5HMP,7446.4473
BRAE3TSHZQDVSGYY,5100.634
PBXEAFTPFDK6BRHK,3852.6045
TKPEFT4AD3ZQZZHN,6763.849
ACCEGYP259YXZJ4H,2421.345
RTRE3KKXMVHMRQ6C,2030.5012
NKCDXYFHHPBSYJDZ,4012.643
SHIECASQHFWX59GJ,3291.0698
TOPEGQKDATUDJTAG,5968.729
BRAECBDFZAEZYD2Y,1103.8188
WATE4S5RZ8P5JZHZ,11479.135
CPIEJHF6GZEM7SPY,6102.276
CRTECN2QVMFZFNGC,2940.6792
SNDEGGRYTVYGPR6F,2617.7825
RNGEBPU7PG8W88TV,10158.507
HMBEDCJHT4FCFKGD,7697.5493
NKCEC87S2ZAZBYAR,3107.438
NKCEC88C4GV4UFN3,5310.2656
SNDEA42M6GZNV7M3,6935.4185
SGLEGBV8BENMFZGH,4995.972
RNGE7M92PHFGGBUJ,5156.007
BRAE3CYXV4JGWEDA,1527.7726
CBREGYBXZKY5VKSK,2088.4233
CBKEJ3AN6GEACKYR,9669.769
TOPEBR5GNG9MACAD,4514.619
FABE78FYGHF22FNE,6734.797
ACCDX8ZWQFTTGZYK,11108.54
KRTE39Q4GVHFHWZV,5743.765
ACCEGGBTG3HMNHNA,3745.504
RNGEGMMBCJGQGGEF,10185.787
BRAECTFYVHHKMV9H,6255.9385
NKCDU4RZRCYAZHY7,3666.0688
BRAECFARHCG7P8WT,4537.463
BRAE3TSHZ2XFSNUT,2862.1523
JEAEFYQHSR7BWPG9,1371.4106
WATE3HFNMGVTZEDS,7162.9595
SCHE3Z7Q3TSVYMRP,4786.7026
DIAEJUCFHWGHUQFP,2846.2493
NKCEASN6TXJGHZUE,6025.5337
WATEYAP2ZFEV2JKG,4927.32
AVCEJCHCDNFTHSQC,5204.05
FABE88MH3NGH8MUD,3357.9622
PCSDY5AHFNSPGSV8,4346.7246
BRAE785RYFT8WTHK,7238.662
PANEJQ5YHAHQYD4F,3759.2158
NKCED6GHCAHTHNCZ,9721.638
ACCDVDC8S5JWEE6X,6143.4146
RNGEDAK9YXVZV6G9,5261.9224
ACCEGG9V98NCXGPE,4488.508
ACCEGH6RNERXNQHW,1980.995
BRAEGP6SFGYKNNCD,6522.6323
RNGEBQZQGQVJZEHC,5531.4087
NKCE9G2BGNV9RDXG,3432.3271
TOPEYP876AAGE9NC,3550.0107
RNGDTBQTBEMPDBMB,5210.9985
PCSEC86VVTQJN5AQ,7092.8687
NKCECZG4EYKY7XEH,2629.475
PBXE5YGWHMS88ZBW,3328.4746
NKCEDCT9CFG3HCAQ,6778.454
NKCE3Y5PDN4U66HC,6766.5405
NKCEANMPKCDG8DRP,9427.179
RTREFDXTZ4GGGAEX,3148.502
NKCE5WSJTFZWUWBV,5012.455
NKCEB3GZSB8GTXCT,3841.8206
NKCEA5FHBGJ9JPFY,799.9038
PCSEAN2WCFR4FXVB,6227.1084
MUGEAGGKYWKB6YGX,3902.755
RNGE7M92HHHRXZKG,9488.483
BRAE8TFMPNB5GSF5,2224.4307
NKCEAFDAZGYPTKGF,7807.7017
TROEGZQHT4UCZVKV,4486.115
PACE5P38T4FEUHZC,2541.7415
NKCE8E6YSG2KQEGD,3141.598
CAGE8PKGGGHUXMEN,838.50104
PBXEBJ4NUDH3PXZY,11639.331
NKCEA5FH8FXQKFAG,3951.2717
VLBEGZ7SZTDCNGTE,11324.386
NKCECZG4HNVBZRYY,5730.5474
NKCE9PFF5XE5AJYU,3252.4731
TOPECB4EZYHC6C3B,3092.0693
TOPEBW2YNZX56YAK,5140.757
PCSEAKVBT8SMGNXV,5248.7773
MDYEJF57MVYHRCUN,5830.484
FABE7B2FGV9CDFZH,2606.892
NKCE89MSGZ7NVZ7D,3698.556
DRPEHYHH78DZHUZG,2585.2183
NKCEDCT9HMYQSMGV,3327.8616
NKCE7H5KZTH3V6AF,4082.062
NKCE2W3WYHE8SCJD,5269.137
NKCE9PNY6Z8VKAQY,6619.843
FABEAJUHWGPHZUGU,7259.0024
SWSEBS2UXYZBSY2Y,4875.0737
PCSEC86VA2HGZGXW,5678.967
BRAE9Z5TFXB7466Z,174.39366
LSKE99UKDTDN7HBM,9004.759
NKCEBHGB3FZSR5RH,9280.531
TOPEHZNTFAHEZMQA,3548.3264
PCSEAYRTZYDSPGMB,7565.452
SUDEGGAUR7EGNEQ6,7561.399
TSHEB72FPCF54KZU,6713.4033
SHTEJGESKVEMGRYR,2753.3613
SHOE2NKQ4NXGAMYX,3521.0088
BRAE3TSHUSSFTGHN,7457.5356
NKCEAHPFWCZQQBAG,3507.6255
BRFEHTTQHPRGKZZY,5378.8853
BRAE2NF6XZZJ6EXG,3138.9565
NKCEYUVRNDSCECZR,2947.6125
PBXE84AFK5C9NMYV,4676.453
SUDEGVG4VNMYZWXT,3214.713
NKCE5W339WJ23R7Z,3184.759
CRTECN2QUBGAGPCK,5866.719
BRAEGG4P8HYHRAC9,4125.372
SWTED625BMZKJXHP,3514.9392
BRAEB9SJZKCAY5SY,3490.4534
WATE8E8PCQJAQNAP,9354.838
MUGECJZ2AHNZ2JHS,4042.4973
PTPEFJHGGFH7GA3Q,3952.6038
SHOEH76627H5HRHM,4833.3584
CAGE9ABA6MTKHCNM,877.9326
CAGE5NGBUYYEVZ8S,3385.7585
TOPEGH27GZK5XG7P,12225.835
JEAEGFMNENQ9G6AN,1338.0764
MUGEBFGFYPNW7GQ8,2112.127
NKCECYNZGPXQ6HR6,3847.1404
RTRDB8GKEGG5E3XG,3191.0483
NKCED6HQP5QHVGGP,3504.8752
PBXEBWY3QC5WCPHS,235.50742
NKCEY8KWTM9HZKDJ,6910.866
ACCDX8ZUCDGVWWWB,5622.166
CRGEB5MNWY2XSW7T,6357.6826
PTPEJPZSEFCE3CZW,4976.2236
RTRDMTEPFH3EVUM6,491.3298
SHOECQQFYNSCRFBR,2891.6748
PBXEBQGHT5PYSDHM,3645.3271
SRTEH2FF9KEDEFGF,3789.2932
TOPE75N4JHUJCF2H,9051.443
VAFEHQZYGH5HRJJP,2343.909
BRAE3SGZXAPZKGDK,1943.5588
SWDEJXHARNREQZVK,5922.4565
SGLEGBV5ANNWWFZX,9166.625
SHIE7BZ9CHKNXZJU,2151.297
BRAEE3RMMRRFQ9AD,3034.228
MUGEAGGKYSMHGRMH,2320.009
MUGEB3GZ4ZYHF24Z,2322.472
CRGEYZ5FGRTYJUT6,6333.615
TOPEGHZ7ARZWUVFS,2115.309
CAGE8PKGXDZFUTHH,3179.8179
ACCEDTNRXHXZKH4G,5445.746
CRTECN2QZWHEJRGA,6384.181
PCSEBZQ5GMBXZFCF,6067.9224
MUGECEVF7HGA3QMQ,3745.4956
NKCE6ADEUEPXCHHK,2643.1536
BRAEBBYRZKNYWP6G,2130.115
BBAEGGDE8QWHDEYB,4334.656
HOKE6KZCEZJFHQMY,5195.0845
BRAEBBYRXQSD8NZX,2559.9355
NKCEBF56FWWZ35HR,6675.6196
MUGE5HG8VVGMBN5M,3106.4246
BRAE5VA9GBGW7M7K,906.62665
CAGE7TVZ8PH9GJQU,9888.6
CAGE9ABATUHJ8G4X,10347.369
MUGECEVF4WG8JSZ9,2961.2966
PCSE4V8HRKQH5A5V,8801.954
NKCE4VA4FAZ7FTFM,472.65952
BRAE3TSHPTKBVBHK,6661.3774
ACCEGYP2FYTWVKUB,1806.841
CRTECN2QYKPMZGNZ,2718.2449
NKCDXEGW7APJ97YS,4244.5767
NKCE9ZVGJQNZWRN4,2364.6816
HAREGG26DYDGEYRH,4808.92
DRPEEZNFGG9J9KAV,5324.1855
MUGEACY8EWA937QD,4003.7695
NKCEA5FHZSG4SVZP,4246.073
TSHEHU5RPEPPZW2R,5940.689
TSHEGF9S8MT2MVYV,3209.356
SUDEGGB4ES3XZCKP,5001.912
SHODPH4GEYW54KMT,6183.7446
TSHE4F2GSWVGKG4D,6406.7974
SHTEAGGFBZGZMFCF,4927.143
RNGEH8WN5KNHEFWJ,4392.7065
RNGE9HDPGG8ZHUJZ,4211.144
PBXE9EJKVEFQQTJH,5520.1113
NKCE4PZ6EPR4AKZY,845.1282
TOPEHTU46JAHMV33,4851.0376
NKCEBFWTYSW72YJK,2052.9446
RTRDY9NVKBBNGYMU,446.88223
CAGE3GFTKFNDSUJY,7583.476
DREEAEB8XNSACHQB,4946.128
BZREBXM8H66HR9CX,4061.6514
RNGEGMMBHHARCJ6H,1919.8129
SHIE3QDHFYNWATPT,7679.2065
MUGEBFGFYQPGRQ7Z,3502.1763
RNGDTBQURWKKGMZZ,4317.936
AIREBA9VGER68DFH,8435.754
SHIEB7957MQBWGV3,4011.7988
BKPEGXYVX4CG7UWX,6119.702
ACCEGZ6BBHDP23K8,4585.5815
CAGEBPNU8TKUG6NM,2197.7114
NKCE92XFXH9HH8BT,8242.105
NKCE9GR9GFMQ9TNZ,4994.6484
TKPEGM48GGD2QKZN,1416.0525
BRAEBP5JJA24D2YS,6338.158
CAGE6FYKDHFFNFHG,7246.488
NKCE9PFFKZWGCJMV,2175.0522
NKCEC87RGJPXNK7P,1566.9944
SHODUMFYWHFYZRPY,4843.854
BRAE7DNYSXZSXG9S,1002.11475
SGLEJJ7HNYDPKZ5P,4919.2104
TSHEGMWZYCTCDAAZ,7189.95
PANEJQ54895A7GHS,9773.654
BRAED6C5RRZJBRNP,6725.035
PCSE4FKCGZNGNHFN,5542.8564
NKCDRDWANFDGXSSK,3704.5554
MUGE9P6DPPNA4TUS,4083.4258
CRTECN2QZ7DHY6GV,3308.2664
BRAE6FMZTRTKVXU6,1446.2334
LEAE8UKZFQRUTMAG,3414.8398
SHOEAPCYWEAFSFU5,4361.9204
SNDE5TY3KAETEZVX,8559.589
PBXEAFTPXKDJHHYN,3199.4412
TOPEGWURCXSZMQ6H,3123.8054
NKCE9Q93NGS45HGG,7379.01
SNDEAYZZWRXJSFWH,7413.249
NDNEJRAPFDZ3R2HG,1545.9529
PCSEDP3UUPFTQFCU,7241.1343
ACCEGH6SPZF3AHH6,4407.152
NKCEASN6ED2AZSGJ,4489.513
SCFEFTYSYX8BTZ4P,5466.6533
PACEAYZANXQFKGZ3,2528.8423
RNGEDAKCZHXRBG9G,6606.5005
CAGE4Y4FXXUZS4ZP,7812.6265
WATE7H4UYKQP363Z,11589.821
CCVEFX5JZHYKHHHF,1066.9797
CRTECN2QSBAQ24DZ,5719.7627
NKCECHX4UCYT4MYX,987.387
WATDAZPXK8FSPGB4,10846.189
BRAEYFDEH7WZVJVG,3921.044
PACE43HFHCYGHYFK,3996.262
SRTEGUA8AG9HYTAH,2886.765
RTRE96W36WAJHRCF,2804.7087
RAQDCNWAHJK9JNUY,3298.2212
BRAE5F3KGVA8WAJH,2883.7805
WATDZ5HGDFYKXHYT,1848.8623
JCKEJNEZZ2RFFJS5,5936.19
TUNEAUVH8G8ZPGYC,8837.885
SHOE44ZFTHMTAB6C,3781.263
BRAEE6YMGMKH7DCZ,8020.707
WATDGFAQBJJV2TTK,9220.667
MUGEBFGFYM5T6KNW,2716.3188
SHOEBG6ZS2YREWHD,4866.439
PCSEAKVBBGJAZTHM,4674.833
ACCE73VFWU9JYKEF,3164.9016
CRTECUWZDJRHRFNK,2921.319
NKCEBHGBYC9ZH3ZX,4337.645
NKCEGMUCHG4CKEGB,5718.9414
NKCDXPZS8AZMWHZB,252.65434
CRTECN2QZFVWFX3S,4907.4937
RTRDW77Y4D3QTBUG,354.84677
NKCEA4CAWGKJ5SBV,887.2392
CNSEHF8FGDHAGGGR,6739.693
ACCDXH5JHWBCNQQ4,3461.5752
TOPE4DS8VQC2KCD8,3785.9692
BRAE7T3WRRVYQQEG,1260.449
CRTEB774DZGQJXV8,1661.2737
BRAEGJFXWMKWGTG5,6641.1143
TSHEE4WZVGVAMRAP,5821.5557
CGCEEFZSURUGRCUG,2892.2043
NKCE6NHRZA6ZXMTZ,5281.0166
ACCE8XZMDHKTDDTY,6122.011
TOPE954FVTRCRXUN,4592.9614
TSHE4S257WYDXMMX,6950.6025
WATEHYW2GJW9SZYZ,2539.9219
RTRE2TYN2XUPCEVH,2618.2852
WLKEEXSVZWZHJEZW,11594.603
BRAECKHYDVMUMAKF,1138.8707
PBXEAT5YDFMUMHGB,3243.7925
SHIEBG6FHNFZ2TFP,3405.2847
SHIED3RY2QZE2EWM,3665.907
CAPEJZVUAZAEGXZ4,4878.212
WCKE2TFFFYHKUM68,5778.6006
NKCECJPC5HBBSFKZ,2746.9705
BRAE7NMEGDDHG3EX,1925.3636
ACCDXFPYVJCMFGET,6545.203
FSEEJVNPNZHCXNNK,1823.2506
CRTECN2QZ4NY4SSZ,4334.996
NKCDYQ3RYDG2GMZB,6320.476
SGLEJCHSWBMHVVNG,5223.521
TOPECCNVM4SN9F9C,6851.5747
NKCE74XGF3PPAZ3Q,1317.5208
WATE5HFYXEJRCTHF,5030.725
NKCE8V3ZHGGGHHDH,7419.9956
PBXE9CVJ6G5NAQFH,3285.9563
CNDEGVE65UWDPCYC,4906.6177
CRTECN2QV9AZBYNG,2579.484
NKCDU4RZPGSGYY4Q,4335.54
NKCE9YFBR7ZAMBNJ,5857.791
SNDE6W34GVRVHWQQ,10609.759
CRTECN2QZCGZSGK8,3329.511
BBAEGFHEYYMKHFZR,3205.491
WATEAUABHVPGRBAS,2623.4036
CRTECN2QZVUWVHZZ,4607.0835
ACCEGH6TMFNCMYJB,3853.9165
PBXE9WEVHF3ZBQHW,9007.476
WCKE2TFYWX9QW3YC,4767.1567
BRAEDTNZZRXBHZGZ,2069.5867
BAREGJ8B2Y3TPUWH,8142.218
SHOEJCKBGJGZQJHN,1925.4181
NKCE9Z2JQGBBSMTM,3524.5908
TKPEHGWYVVXUYCFC,4922.1694
CRTECN2QYGNYMVY8,4305.635
CAEE9Y64FBPZJUUH,9401.962
ACCDSY8EMKXZM8EW,8599.293
CRTECN2QUZBANWHU,6151.0957
SHOEDH9AS48SSFBT,3490.0835
CRTECN2QVV8ZGNWK,4213.4893
NKCDU4RZ9HWVUHGW,9029.016
SNDEEFTGRRUZSFGJ,5167.0747
NKCE8P4V9ZQCAYZN,3153.2131
NKCE76TNSYX6ZQ9Z,1740.7573
CPLEHB7C7ZJGHEQU,3816.2373
SRTEGWKKQABUMGFA,5995.887
NKCE38HBTZXEXXUG,5945.94
SHIE3QDGUEGVZJZ8,5273.5786
NKCDY8S8ZPV4YA9S,4058.9346
SHOECXPHZSFGQEZZ,8645.142
RNGE88FQ5SDTSFY7,4942.3325
NKCEAP3S6G8ZEGB6,2576.795
JEAEHUHKEAEUXSRQ,4461.223
BRAE8WPSG4FMHFXF,1567.806
RTRE9JEGMXHZ5RHQ,5192.463
SHIEYSPPPDGTSGFX,5070.2476
SHOECJD5WVAGAJEH,2284.8342
WATEYAP3FEPWZ8MH,6986.642
DREDRCRHDXQNK4RB,5750.865
TOPE7ZHZHT3SKKMN,5237.2773
SNDEBBK5Z6KUQZZF,1610.404
WATE2RX9HHGBUQGA,7659.907
WATE2HX6JQGRXSEA,2628.0088
NKCEDCT9MZNZ7D8B,1019.9547
SHIE8HXEEX69GA9F,3719.721
DREDYSNRZGBFFVQ5,5300.9375
NKCEACYSTHNBFPM8,5660.3965
SUDEHYGURKV9EVVS,6458.5503
BRAEDQDFPNUQGUVG,2128.864
PBXE829GJ3ESYYMQ,2275.5623
LJGE9TGNUKM2UGWC,5616.0503
MUGEBJ7XBXMRUHQC,3538.4504
BRAEB9SJMFKF39ZW,5458.5835
RNGE864HPZG96WNH,3717.4185
BBAEFYZ9HC3R7CSS,5357.116
CRTECN2QZZHZH8H3,2260.968
NKCE49ATHBGGPBDM,2771.3345
PBXE5ZJZBKZKFUTT,9591.64
SNDEGGQ6T4W8ZGKH,13580.648
NKCEANMPQABUFANV,3164.3179
CLTEHE9FNVRTJUGS,3093.748
NKCE9PFFJHGX23NG,6167.433
NKCE6KGHUMC3DZNK,5997.417
NKCE96SXSGHZ3GZA,421.95602
BRAEBUHTHHJDHGHE,7124.947
SNDEGFJQBJWUCSHS,8033.9907
ACCDQDYBPHVQ9EFC,8380.679
PBXE84AFH8Y5KECY,1796.7198
KHREGSDWQZKZRY3J,5184.4214
PBXECNFSCHBSHZM9,8852.346
CRTE8389ZZJS6W9E,818.1657
CRTECN2QZFRKZPZU,3587.7627
TOPE89KYEWKHKRDZ,1374.2516
SHIEBXSH3GADDFBP,2831.0247
CRTECN2QYZ9YX3JR,4159.513
BDSEJJ7CMKHRWVCZ,7849.5483
BRAE8EHTGUTM8CX2,10535.399
BRAE3P8YRJ69HFQT,8871.703
SUDEGGATYHBGUFTF,3555.6624
NKCE9YX36WBZF9HJ,6345.799
SUIE5GT3DSJCKEJF,5591.8135
RTRDYKU6F2GVR3CR,2657.1807
ACCEGH6TEZ8CAXEH,2238.19
SRTEGWKHGMNG3WRJ,5188.881
CRTECN2RCNAMYX2E,7399.94
ACCEGG9Z4QCZJZFJ,4439.4365
BRAE4S2FYF4RN49J,1998.7747
ACCEAHRFFH3S7HFF,3661.1128
NKCE9JBQGG5PHQFM,4893.029
CRTECN2QYU4SJADV,3862.8503
NKCECQYZNVJKFMJV,11574.756
RNGDUZU5VCYXAAEM,4050.963
SUDEHYGU9BE2XETS,6918.3403
PBXE5YGWHPQGBWG3,4416.9272
ACCEGGAYDMUYE7SK,7445.4424
WATEHVHJHMCGW3VN,1574.4026
MUGECJZ23GD5PE6C,3157.434
PADEHZFHGHFQJAXV,5988.402
CRTECN2R7EXGYGFZ,4533.013
PBXEAJVRRK6MXXKH,2547.427
PBXE9YWJHHERWPG4,5497.0913
WATDFFH3PGFHHZH8,17380.629
TOPEGFXU8ZAGFGNZ,1485.9404
SHOE6ZQEB694PVM8,3967.6755
ACCE8VP6PZDUEYGP,3015.9478
WATE2FAGESM5B5VZ,7222.673
BRAECC9JFBY5YSEY,4160.2476
BRAEYFDGSY9S9ZDW,4240.7705
PELEGPF7C9YZFKDM,3940.03
ACCE93ZDRDSJD3RG,2655.91
NKCE9YFB9BZZ8ZFF,12625.345
JWSDZCHGUTXYUGZD,9556.613
SHIE7DFNVCR8KUGP,3734.2563
NKCE9PFFXGMFX5PB,9684.823
CRTECN2RZRH6FTYZ,2175.9548
JWSEJFMHQEMPZPGK,4408.774
CAGDU9C3ZBMU4CGR,4345.434
PACE5M34GBFNK4F3,6886.979
BRAE8WYHXBEEPGDQ,3150.5554
RNGED78RWSSAT7GT,9377.85
NKCECGT3EZHNNRAT,7063.094
TMLED7GYYPZ3ZXGW,5766.561
PELEJUCGUAPQRCZX,8666.106
BRAE6ZCHHPFNBYNU,1649.5089
SUDEGGATXD4BMC2G,4723.477
ACCEGG9Z5UB2JZYH,2683.1143
LJGEJQ4NA7BDGQWZ,5148.2905
JCKEJFPDVWBKHPFY,4487.007
RNGEE8ZHQ4HRM5WY,7276.7104
CRTECN2QTCW9VDKR,2842.2153
RNGE9HE7BKMCZGRV,5462.3096
CRTECN2QYYFYJFTV,2681.1094
BRADM8DWSRMPPNNX,1654.4861
SHIE7VFYJHKGMXUR,3481.0547
TOPE8ZAFC7JSV7QX,4024.4543
VANEGQCWZYFZ3EYJ,6972.868
TOPEYY5YK3WEGGXX,3939.443
MNGEJPST4MZDZCHT,2746.3262
PYJEJMHJNXJ6NGKC,9746.554
PADEHZFHCNQGWNNS,4045.067
CRTECN2QTWDYRKGW,2914.3716
JWSDSCB7SN9AYB4B,8595.245
RNGEAM4ZFGWHWMYZ,4517.265
TOPEBRYGRZFGPMHP,2667.154
GLSEHEHZAZEJMRVF,6260.912
ACCDYAGVFPSCPQUY,6214.9697
NKCEAJP6DGFV8AEZ,10306.738
CAGE7CJVGGHQYZDQ,353.12766
SNDEBYH3ZR33KSAG,6901.4297
RTRDK7TWJB6RCNP9,4476.58
RTRE38HF433WXQJD,3497.608
SNDEDG6HNGZDZXBV,1766.6187
BRAEDT7STGZCKHEB,5702.768
ACCE6RHG47DESW3Q,4634.193
CSPEGMVJJDYAYQYG,4661.8184
NKCE2NKZT6GSFFV5,3103.0498
ACCEGG9UN8H6EHGA,2263.825
WATEBJ37KBB3SEBR,4009.709
CRTECN2QSGCA6CSF,2885.5132
SNDEHZPDSQZYASGW,4733.149
CAGEYUXVHFYNCAYD,7103.534
PCSE69MFRZSMYVRH,9960.447
SNDEHZPDZMNZGHEQ,3418.7593
MUGEAGGKQMGVUVJT,2402.2957
SHOE3S9BGUAGYE5X,4738.2993
MUGEAGGKHU2G6PT8,3499.871
SHOEBG79YJZD9C33,2354.0886
GKEE5ZZ34VYKVZEK,6876.2856
ECIEF6JYYJ4PHJ3Q,6186.238
TROEGNRFM8FCZHHM,2424.557
SHTEYSPQAB9KAUVG,3133.925
TWCEJFXH4EU2JZYG,9677.022
WATE6S3AMDGT5PVG,3273.5044
MTYEJJAQYHCNKYZZ,5353.1577
NKCE845VFGMPFFMT,9275.406
BRAE3WVQSRGWGHZV,7855.4385
ACCEKFVWTGZXG5XK,5898.9224
BRAEE6YMKFPSHPY3,1682.7378
RNGE7M92FZVK8YWH,6818.4443
BRAEBBMQWZYHZFGE,1350.6395
ACCEGZ66ATHMFPJV,3061.861
NKCE7UEX7BGCCZUY,4589.545
CAGE5H7JE9G72SHT,8139.4287
TMLECXEQGAQXQKDG,5100.9805
NKCECZFZY9YTKGTW,6454.578
SHIECFNXZ7W9GVYZ,4419.3506
MUGEAGGKZEFKTZ8U,3921.9102
SHOEFECFFYBYP9QR,4263.355
GLSEHB7RQJFVT6GS,3839.1777
NKCEASCZU8K6XDGF,1218.0033
LFHDBF4BY3PS66NG,5052.7515
TOPE8E8NZP256K8G,4609.4644
SNDE8SSKSSARAXHJ,7911.2256
CRTECN2QXHGGKHWV,3764.4521
JEAE9PP49AH6PQCW,4477.7344
PCSE94FSG87ETQY2,6269.986
NKCEANMPNFSQ2K6X,4644.026
PCSECV3FTHYGHHHF,6827.7847
GRKEG679TVS7CSPA,5108.6826
TOPE7T5FMBVW9EFY,10425.701
SHOECXZEHUBBZYJV,5258.2993
CCVEFV4RRNH9FAHH,2848.3105
PCSDYQEVCWZSZH8V,9368.531
BRAE3TSHUSJJYKM7,1883.8367
PADEHZFHMTEUP8YG,4209.111
NKCE6UWHWNCNCFQF,3362.8323
MUGE6S9YXRP8MRQC,3905.667
WATECKYCCMXUQQMS,5958.0547
SHOEJNY2X4CUEGTM,5338.991
PCSEAKVBCZWH8HDS,9299.223
NKCDV9SXP4JGZDKK,2335.9543
BDSEJTHNGWVGWWQU,2810.416
BRAEYPGFGBRMAEZA,7017.816
NKCE8RB5WMWAWNHJ,3604.2117
BRAECKHZRU4RZKQH,6930.847
HRCEHF2CDHYWPFVN,5690.289
WATE8PBFJDAEDYFQ,7351.6616
TOPE8QNKRJHBNWNV,5092.513
PBXEAJVRSJFJ2APN,3714.1843
SUDEHYGUFAGB4NYH,5411.1245
JEAEGGDJGFGQXEKV,5520.5156
SHTEDCZWPM7F8GAM,4220.4697
WATE3NWHWKVDFSDN,1695.769
ACCECHF4VZYHA4XZ,4942.197
PTPDVPEXSANDVSJQ,4143.53
JEAEGHQYYGDYDBWY,1579.522
BRAEDSKCYE7BNKZ4,6156.482
VLBEHHWFMGCMEM4K,1153.557
TOPEHXA27XJFNSGV,2242.8506
ACCEGH6SEMYHF34Y,4518.071
RNGE7M922VGFBDGG,4574.255
CRTECN2QZ4XUY84U,2132.8386
ACBECFGTYJ3E8VHE,5297.038
NKCE38HBJCPPYWKH,4141.0293
BRAE7SQFKFNVCTB9,7345.9966
TOPDW7AQKZZHFCZF,4590.4546
SHIE9YDH4WHHEXZH,5906.4917
DRPEHYHMEUCSYGKA,4520.7153
RNGEHFDYGPHZ3HGA,3214.0845
SHOEJVGTSYMHYFBX,3901.4656
ACCEJGH5QTFVXQZT,5335.488
SHTEJT4D7Y9NTWYZ,1589.4945
TOPEHZPAPFNFEHBG,2283.5474
NKCE52CSJEGXP6FR,2891.898
PELEJUCGBEHUGMZF,11577.817
BRAEAREZG4Z6ZFK9,4398.8223
TOPEHTU4FN9KEAHJ,5359.6665
PCSE4FKC73GEKW7W,3028.4568
CLTEGMYW2RWRDH5X,6030.941
ACCEGH6SF89RGZQD,3998.9624
NKCEANMPGJAZ7BHE,4497.008
CRTEA7HAXMYFVGXX,3121.7183
NKCDU4RZQRXJH4JF,857.6796
MUGEACY8QGADG5VG,5658.219
PBXEAXGWYNVUUQVY,3198.7852
CRTECN2QVE4KYGWY,3041.435
NSTEJHERS3AKXUCW,4479.5757
SHIEC8ASQEPSK7FZ,253.5183
RTRD8FNG6FUTFZQJ,2744.8188
ACCDXFPFEDJCKQJ3,10976.409
BALEGFXZGSRGJKJY,3163.2493
TOPEBQGGJ2C7Y7HZ,6032.171
CAGE6FZSZXFKQHZP,3201.8105
TKPEGFWWV9K7PMMD,8187.667
RPEEGGDJN5D8HFRM,4306.2495
NKCE6TNZ9YGRGVNF,11078.36
CRTECN2QSGWBHY9F,7381.0903
ACCEAHRFCDZHX2CG,9461.565
BRAE75HSN6B5RA9V,6983.995
TOPE8N3BAE7QWZFY,5864.8306
WSCEFE4RZ8FRPQTD,4321.5635
MUGEGWT5RGJJHSGN,5469.689
MUGEBJ7XHH5AVZV7,3682.2615
PCSEC86VAFUTHBPX,9182.861
CRTECN2QUTDWFYGA,2574.5588
NKCE9PFFYZYCKJFB,4938.2095
RNGE864HRQRATXWQ,4319.6396
WATE3GEY74QU9T35,1745.013
WATE9MVXX3DZ5UKD,3998.6992
MUGEBFGFYWQRWYDN,2688.652
TOPE9KJEYHXXNBGC,2581.8345
TOPECMKVPCH2ZZTY,5096.077
SGLEGBV8VGCMH77F,4493.099
WATDKB7JW7USDVZ6,2669.1743
TLPEHAKFGFC9QPM4,5357.116
JUMEBKQJUZHCZHHM,2774.4163
JWSEEBEEHKG4ZGRG,8772.155
CRTECN2QSUHUEZZD,3783.058
RNGE7M92NZGZSZJQ,4293.7563
TOPE593EQJA4WW4Z,5508.6597
BRAEDGM2YE58PGPV,3687.5056
PBXEANB7QGWSP25F,6816.9507
BRAEE6YMKGHQ4C4K,3380.975
TOPDYMSXBMBWVAS4,8175.461
MATEHFNMZVV9HYUV,11063.129
KRTEFG6MGMW4FQXF,3676.3594
SNDEE34XM8XB6ZEX,4419.414
TOPE6HZUKGTFPUFP,6460.2446
TOPE954FF9KJSZZN,4352.536
NKCECGVAZYG6SF5S,15.389124
PBXE4Q7YBMXJ53ZG,2300.4685
ACCEGXDJMWKWYHPP,4305.4414
PCSE6X3Y2HSTHBDW,6676.42
SHIEBZB4U7BKYJTU,3617.4019
NKCEAFC847CUEYZX,4250.083
CAGE9JEFFUQQNQHW,10947.425
TSHE8Z4HYFUWCVYB,7436.306
NKCDU4RZURUGSZZ6,3889.7075
SHIEFFFPMFH8SZZM,3881.4067
DIAEJ6Z8BEDTGGYY,4235.7925
RNGEDAK9ZZR8MGY4,6357.894
SNDEHZQ7BSZZJRDT,4697.286
NKCEAP3S6TDGRDVY,10964.07
MUGE8DTSSBPHDZWA,2458.3416
SNDEARQ3EKZNNP4M,12120.814
ACCEGKTTMBKZT7JR,2058.12
NKCEAVZ3QEWNHQNR,6055.743
SHTEJRCHC5KESPYX,3390.9597
BBAEJK8Z5UD97GTP,2970.2998
PCSEDUT3FS8UTKJQ,7641.6016
BRAE3Y4ZZZJHJVHV,8759.611
PTYEDMT4FRUDXZCP,3364.6868
PCSEAH5WZNWYJE8M,8460.016
BRAEEG6TFTNVFCRM,2677.354
PACEFVZZ2R8ZE5ZH,3572.471
TOPDU2HZGVTAAQJW,4582.5176
BRAEBBMQY4T7DFH6,2565.0132
TSHEHU5RXEVXH3P7,5599.506
WATECSW5VZSZETGS,4382.64
SGLEGBV7K2MGEGRB,7568.2515
WATDP5NHENJGYYXF,6946.556
SUDEHYGUYBE5KGMW,4405.9546
RTRDQZ8Z72FRMKGX,858.4908
SHIEAVW5MYGJ4BRR,2238.2737
ACCDXH5JXWABF7GH,4059.5122
TOPE8TQDQDHZZY9S,5063.485
BRAE3TSHXZFRYAZQ,4904.911
ACCDXFAGYWTHWYGT,5549.3877
SWSEBGYUPTH7GSHE,6802.673
DREE9QSVADZEKNJS,4616.8945
PBXE5CFUTETHWRZH,5755.425
SHIED78RWUCDPFRH,5659.8066
NKCE69P8PC5VR7NY,3799.1543
WATEHYHNCANKP5VZ,6657.6387
NKCE7PZPRZFYKW3M,3622.0898
CHUEF7C3NGW54VJJ,4314.019
NKCE9Q93CUEMGS46,5042.022
RTRE2V3Y6FWVHDW5,3588.2192
BRAEE4UZZVMJUGE3,1567.6091
SHIE7G263EDTSDU5,4481.447
BRAE3TSHRTGMZA44,8054.935
TOPEHWDGQD9NR6QD,2023.9287
NKCEFMZUJEWN3HXY,2258.2683
CBKEHJUH7WPZEEGK,6357.313
CRTECN2QXZUFSGHZ,4892.4443
SWSEBHCPAKWKRDPR,9228.375
ACCEAMGZGAQWYYMV,3629.247
CRTECN2QZGUQPR93,4079.2034
SHOEJBSZ8FS9SNJR,1789.8115
BRAE6ZCHV2ZAA9US,3318.307
SUDEGGB28WWTGFUY,6716.274
ACCEAHRFFKPGUGGX,4616.393
BRAEBBMQZDMZAEBV,1019.42206
NKCED6EXXSFZGQP8,292.44852
SHTECN9HFVZYP2V9,3406.7217
RTREAX3DGDRSSYFT,4365.2725
RNGE65FGK2TMUC2A,9438.463
ACCEGZ8EWQ7RMZTZ,6892.7354
BRAE4DHZEAPXQVRG,1822.1422
CAGECHKFAMZCKPFT,571.0951
PCSE6SJG9SMAGGHY,3814.4807
SNDE25SG2HRJF9JH,6409.3755
NKCEAVZ3FCDEUZHG,5317.6553
ACCEG7AG8EUZRRZY,6405.0835
SHOECH3WZHFCVZWU,3481.432
TOPEAKYKZKRHPMHX,3684.4255
NDNEJRAZNQBZQWQK,12328.975
MUGEBFGFDQYJG5TW,5486.9365
BBAE9K7BXFUTDNBK,3989.2295
RTRDYPA4PJHCJCGF,9059.489
TUNE8FWQBS7TVVT7,6155.403
NKCEGMUABCRGUZPE,3549.765
RNGE7M92KAQWUBCS,5477.089
